actor_u,actor_v,weight
Thu Trang,Quốc Trường,1
Thu Trang,Bảo Thanh,1
Thu Trang,Ngọc Giàu,1
Thu Trang,Trung Dân,1
Thu Trang,Khánh Hiền,1
Thu Trang,La Thành,2
Thu Trang,Tuấn Trần,1
Thu Trang,Kiều Minh Tuấn,6
Thu Trang,Thái Hoà,1
Thu Trang,Đức Thịnh,1
Thu Trang,Hồng Ánh,1
Thu Trang,Kaity Nguyễn,1
Thu Trang,Hứa Vĩ Văn,1
Thu Trang,Tiến Luật,4
Thu Trang,Anh Tú,1
Thu Trang,Thanh Tân,1
Thu Trang,Trương Minh Quốc Thái,1
Thu Trang,Phát La,1
Thu Trang,Châu Bùi,1
Thu Trang,Jun Vũ,1
Thu Trang,Bùi Anh Tú,1
Thu Trang,NSNDKim Xuân,1
Thu Trang,Hứa Vỹ Văn,1
Thu Trang,Quang Tuấn,1
Thu Trang,Thái Hòa,1
Thu Trang,Hồng Vân,2
Thu Trang,Huỳnh Phương,1
Thu Trang,Vinh Râu,1
Thu Trang,Thái Vũ,1
Thu Trang,Samuel An,1
Thu Trang,Quỳnh Lương,1
Thu Trang,Lê Giang,1
Thu Trang,Uyển Ân,1
Thu Trang,Huy Anh,1
Thu Trang,Minh Thảo,1
Thu Trang,Đoàn Thiên Ân,1
Thu Trang,Võ Tấn Phát,1
Thu Trang,Ma Ran Tô,1
Thu Trang,Lê Xuân Tiền,1
Thu Trang,Xuân Hinh,1
Thu Trang,Trần Bảo Nam,1
Thu Trang,Thanh Hương,1
Quốc Trường,Bảo Thanh,1
Quốc Trường,Ngọc Giàu,1
Quốc Trường,Trung Dân,1
Quốc Trường,Bảo Anh,1
Quốc Trường,Minh Hằng,1
Quốc Trường,Diệu Nhi,1
Quốc Trường,Thuận Nguyễn,2
Quốc Trường,Mạc Văn Khoa,2
Quốc Trường,Kiều Minh Tuấn,1
Quốc Trường,Vân Trang,1
Quốc Trường,Mai Cát Vi,1
Quốc Trường,Phương Thanh,1
Quốc Trường,Đào Bá Sơn,1
Quốc Trường,Đức Khuê,1
Quốc Trường,Lê Khánh,1
Quốc Trường,Uyển Ân,1
Quốc Trường,Hoài Linh,1
Quốc Trường,Tạ Minh Tâm,1
Quốc Trường,Đinh Y Nhung,1
Quốc Trường,Thanh Thức,1
Quốc Trường,Tạ Lâm,1
Quốc Trường,Phương Lan,1
Quốc Trường,Quang Sơn,1
Bảo Thanh,Ngọc Giàu,1
Bảo Thanh,Trung Dân,1
Ngọc Giàu,Trung Dân,1
Ngọc Giàu,Trấn Thành,3
Ngọc Giàu,Tuần Trần,1
Ngọc Giàu,Ngân Chi,1
Ngọc Giàu,Lê Giang,2
Ngọc Giàu,Hoàng Mèo,1
Ngọc Giàu,Lan Phương,1
Ngọc Giàu,La Thành,1
Ngọc Giàu,Lê Trang,1
Ngọc Giàu,Quốc Khánh,2
Ngọc Giàu,Việt Anh,1
Ngọc Giàu,Khả Như,2
Ngọc Giàu,Lê Dương Bảo Lâm,1
Ngọc Giàu,Song Luân,1
Ngọc Giàu,Huỳnh Uyển Ân,1
Ngọc Giàu,Tuấn Trần,1
Ngọc Giàu,Phương Anh Đào,1
Ngọc Giàu,Uyển Ân,1
Ngọc Giàu,Hồng Đào,1
Ngọc Giàu,Anh Phạm,1
Ngọc Giàu,Thanh Hằng,1
Ngọc Giàu,Anh Đức,1
Trung Dân,Việt Hương,1
Trung Dân,Dạ Chúc,1
Trung Dân,Thành Lộc,2
Trung Dân,Diệu Đức,1
Trung Dân,Cẩm Ly,1
Trung Dân,Minh Khang,1
Trung Dân,Hùng Anh,1
Trung Dân,Nhật Linh,1
Trung Dân,Phương Duyên,1
Trung Dân,Ngọc Trai,1
Trung Dân,Vũ Long,1
Trung Dân,Anh Đào,1
Trung Dân,Lâm Vỹ Dạ,1
Trung Dân,Hứa Minh Đạt,1
Trung Dân,Đại Nghĩa,1
Trung Dân,Trương Thế Vinh,1
Trung Dân,Lê Lộc,1
Trung Dân,Mạc Văn Khoa,1
Trung Dân,Khương Lê,1
Trung Dân,Phương Anh Đào,1
Trung Dân,Tuấn Trần,1
Trung Dân,Võ Tấn Phát,1
Trung Dân,Ma Ran Đô,1
Việt Anh,Hồng Vân,2
Việt Anh,Trường Giang,1
Việt Anh,Mạc Văn Khoa,1
Việt Anh,Tấn Beo,1
Việt Anh,Đức Phúc,1
Việt Anh,Phương Thanh,1
Việt Anh,Lê Giang,1
Việt Anh,Trấn Thành,1
Việt Anh,Khả Như,1
Việt Anh,Lê Dương Bảo Lâm,1
Việt Anh,Song Luân,1
Việt Anh,Huỳnh Uyển Ân,1
Việt Anh,Khánh Vân,1
Việt Anh,Công Dương,1
Việt Anh,Minh Dự,1
Việt Anh,Trần Nghĩa,1
Việt Anh,Thanh Nam,1
Việt Anh,Công Ninh,2
Việt Anh,Đức Sơn,1
Việt Anh,Hồng Ánh,1
Việt Anh,Quyền Linh,1
Việt Anh,Minh Luân,1
Việt Anh,Kiều Oanh,1
Việt Anh,Trần Kim Hải,1
Hồng Vân,Trường Giang,1
Hồng Vân,Mạc Văn Khoa,2
Hồng Vân,Tấn Beo,1
Hồng Vân,Đức Phúc,1
Hồng Vân,Phương Thanh,1
Hồng Vân,Ninh Dương Lan Ngọc,1
Hồng Vân,Lê Khanh,2
Hồng Vân,Jun Vũ,1
Hồng Vân,Lê Xuân Tiền,1
Hồng Vân,Hoàng Dũng,1
Hồng Vân,Kaity Nguyễn,1
Hồng Vân,Khương Lê,1
Hồng Vân,Thái Hòa,1
Hồng Vân,Tiến Luật,2
Hồng Vân,Huỳnh Phương,2
Hồng Vân,Vinh Râu,1
Hồng Vân,Thái Vũ,1
Hồng Vân,Hữu Châu,2
Hồng Vân,Kim Tử Long,1
Hồng Vân,Lê Thiện,1
Hồng Vân,Kim Huyền,1
Hồng Vân,Cao Minh Đạt,1
Hồng Vân,Bạch Công Khanh,1
Hồng Vân,Bạch Long,1
Hồng Vân,Lê Phương,1
Hồng Vân,Chí Tâm,1
Hồng Vân,Quyền Linh,2
Hồng Vân,Công Ninh,1
Hồng Vân,Minh Luân,1
Hồng Vân,Kiều Oanh,1
Hồng Vân,Trần Kim Hải,1
Hồng Vân,Samuel An,1
Hồng Vân,Quỳnh Lương,1
Hồng Vân,Lê Giang,1
Hồng Vân,Kiều Minh Tuấn,1
Hồng Vân,Uyển Ân,1
Hồng Vân,Huy Anh,1
Hồng Vân,Minh Thảo,1
Hồng Vân,Ngô Kiến Huy,1
Hồng Vân,Đại Nghĩa,1
Hồng Vân,Thanh Hương,1
Hồng Vân,Hoàng Mèo,2
Hồng Vân,Phi Phụng,1
Hồng Vân,Phan Vũ,1
Hồng Vân,Hồng Đào,1
Hồng Vân,Lê Lộc,1
Hồng Vân,Hoàng Linh,1
Hồng Vân,Đoàn Thế Vinh,1
Hồng Vân,Trần Nghĩa,1
Hồng Vân,Hữu Trọng,1
Hồng Vân,Quốc Cường,1
Hồng Vân,Mai Sơn Lâm,1
Hồng Vân,Ngọc Tưởng,1
Hồng Vân,Hà Linh,1
Hồng Vân,Huỳnh Uyển Ân,1
Hồng Vân,Kim Xuân,1
Hồng Vân,Hoàng Sơn,1
Trường Giang,Mạc Văn Khoa,1
Trường Giang,Tấn Beo,1
Trường Giang,Đức Phúc,1
Trường Giang,Phương Thanh,1
Mạc Văn Khoa,Tấn Beo,1
Mạc Văn Khoa,Đức Phúc,1
Mạc Văn Khoa,Phương Thanh,2
Mạc Văn Khoa,Võ Thành Tâm,1
Mạc Văn Khoa,Ốc Thanh Vân,1
Mạc Văn Khoa,Huỳnh Đông,1
Mạc Văn Khoa,Quách Ngọc Tuyên,1
Mạc Văn Khoa,Lê Hạ Anh,1
Mạc Văn Khoa,Bé Bảo Thy,1
Mạc Văn Khoa,Tiết Cương,1
Mạc Văn Khoa,Huỳnh ChillHuyn,1
Mạc Văn Khoa,Ninh Dương Lan Ngọc,1
Mạc Văn Khoa,Nhã Phương,1
Mạc Văn Khoa,Diễm My,1
Mạc Văn Khoa,Quang Tuấn,1
Mạc Văn Khoa,Bùi Anh Tú,1
Mạc Văn Khoa,Nhật Trung,1
Mạc Văn Khoa,Ngọc Phước,1
Mạc Văn Khoa,Kiều Minh Tuấn,1
Mạc Văn Khoa,Vân Trang,1
Mạc Văn Khoa,Hùng Anh,1
Mạc Văn Khoa,Nhật Linh,1
Mạc Văn Khoa,Phương Duyên,1
Mạc Văn Khoa,Ngọc Trai,1
Mạc Văn Khoa,Vũ Long,1
Mạc Văn Khoa,Anh Đào,1
Mạc Văn Khoa,Lâm Vỹ Dạ,1
Mạc Văn Khoa,Hứa Minh Đạt,1
Mạc Văn Khoa,Đại Nghĩa,1
Mạc Văn Khoa,Trương Thế Vinh,1
Mạc Văn Khoa,Lê Lộc,1
Mạc Văn Khoa,Thành Lộc,1
Mạc Văn Khoa,Mai Cát Vi,1
Mạc Văn Khoa,Đào Bá Sơn,1
Mạc Văn Khoa,Đức Khuê,1
Mạc Văn Khoa,Đoàn Thế Vinh,1
Mạc Văn Khoa,Trần Nghĩa,1
Mạc Văn Khoa,Huỳnh Phương,1
Mạc Văn Khoa,Hữu Trọng,1
Mạc Văn Khoa,Quốc Cường,1
Mạc Văn Khoa,Hoàng Mèo,1
Mạc Văn Khoa,Mai Sơn Lâm,1
Mạc Văn Khoa,Ngọc Tưởng,1
Mạc Văn Khoa,Hà Linh,1
Tấn Beo,Đức Phúc,1
Tấn Beo,Phương Thanh,1
Đức Phúc,Phương Thanh,1
Phương Thanh,Mai Cát Vi,1
Phương Thanh,Đào Bá Sơn,1
Phương Thanh,Đức Khuê,1
Ninh Dương Lan Ngọc,Lê Khanh,1
Ninh Dương Lan Ngọc,Jun Vũ,1
Ninh Dương Lan Ngọc,Lê Xuân Tiền,1
Ninh Dương Lan Ngọc,Nhã Phương,1
Ninh Dương Lan Ngọc,Diễm My,1
Ninh Dương Lan Ngọc,Quang Tuấn,1
Ninh Dương Lan Ngọc,Kaity Nguyễn,1
Ninh Dương Lan Ngọc,Phương Lan,1
Ninh Dương Lan Ngọc,Thoại Tiên,1
Ninh Dương Lan Ngọc,Nguyễn Thùy Anh,1
Lê Khanh,Jun Vũ,1
Lê Khanh,Lê Xuân Tiền,1
Lê Khanh,Hoàng Dũng,1
Lê Khanh,Kaity Nguyễn,1
Lê Khanh,Khương Lê,1
Lê Khanh,Nguyễn Lâm Thảo Tâm,1
Lê Khanh,Hồ Thu Anh,1
Lê Khanh,Công Dương,1
Lê Khanh,Võ Điền Gia Huy,1
Lê Khanh,Anh Đào,1
Lê Khanh,Nguyễn Văn Toàn,1
Lê Khanh,Trung Anh,1
Lê Khanh,Vĩnh Xương,1
Lê Khanh,Thu Hường,1
Jun Vũ,Lê Xuân Tiền,1
Jun Vũ,Kiều Minh Tuấn,1
Jun Vũ,Bùi Anh Tú,1
Jun Vũ,NSNDKim Xuân,1
Jun Vũ,Tôn Kinh Lâm,1
Jun Vũ,Khánh Vân,1
Jun Vũ,Khazsak,1
Jun Vũ,Rima Thanh Vy,1
Jun Vũ,JJ Krissanapoom,1
Jun Vũ,Công Dương,1
Jun Vũ,Miss Thy,1
Jun Vũ,Dustin Nguyễn,1
Jun Vũ,Hiếu Hiền,1
Jun Vũ,Đinh Y Nhung,1
Lê Xuân Tiền,Đoàn Thiên Ân,1
Lê Xuân Tiền,Tiến Luật,1
Lê Xuân Tiền,Võ Tấn Phát,1
Lê Xuân Tiền,Ma Ran Tô,1
Hiệp Gà,Hà Việt Dũng,1
Hiệp Gà,YaYa Trương Nhi,1
Hiệp Gà,Cao Thái Hà,1
Hiệp Gà,Phước Sang,1
Hà Việt Dũng,YaYa Trương Nhi,1
Hà Việt Dũng,Cao Thái Hà,1
Hà Việt Dũng,Phước Sang,1
YaYa Trương Nhi,Cao Thái Hà,1
YaYa Trương Nhi,Phước Sang,1
Cao Thái Hà,Phước Sang,1
Cao Thái Hà,Trình Mỹ Duyên,1
Cao Thái Hà,Lê Thu An,1
Phước Sang,Hoàng Yến Chibi,1
Phước Sang,Quách Ngọc Tuyên,1
Phước Sang,Nam Long,1
Phước Sang,Trương Minh Quốc Thái,1
Phước Sang,Doãn Quốc Đam,1
Hương Giang,Phát La,1
Hương Giang,Tuấn Trần,1
Hương Giang,Puka,1
Hương Giang,Kim Xuân,1
Hương Giang,Hữu Châu,1
Hương Giang,Karen Nguyễn,1
Hương Giang,Lệ Hằng,1
Hương Giang,Đông Kha,1
Phát La,Tuấn Trần,1
Phát La,Puka,1
Phát La,Kim Xuân,1
Phát La,Hữu Châu,1
Phát La,Karen Nguyễn,1
Phát La,Lệ Hằng,1
Phát La,Đông Kha,1
Phát La,Tiến Luật,1
Phát La,Kiều Minh Tuấn,1
Phát La,Anh Tú,1
Phát La,La Thành,1
Phát La,Thanh Tân,1
Phát La,Trương Minh Quốc Thái,1
Phát La,Châu Bùi,1
Tuấn Trần,Puka,1
Tuấn Trần,Kim Xuân,1
Tuấn Trần,Hữu Châu,2
Tuấn Trần,Karen Nguyễn,1
Tuấn Trần,Lệ Hằng,1
Tuấn Trần,Đông Kha,1
Tuấn Trần,Khánh Hiền,1
Tuấn Trần,La Thành,1
Tuấn Trần,Kiều Minh Tuấn,1
Tuấn Trần,Trấn Thành,2
Tuấn Trần,Công Ninh,2
Tuấn Trần,Hứa Vĩ Văn,1
Tuấn Trần,Mai Tài Phến,1
Tuấn Trần,Hồng Ánh,1
Tuấn Trần,Phương Anh Đào,2
Tuấn Trần,Quốc Khánh,3
Tuấn Trần,Uyển Ân,1
Tuấn Trần,Hồng Đào,2
Tuấn Trần,Khả Như,1
Tuấn Trần,Anh Phạm,1
Tuấn Trần,Thanh Hằng,1
Tuấn Trần,Anh Đức,1
Tuấn Trần,Rocker Nguyen,1
Tuấn Trần,Naomi,1
Tuấn Trần,Ceri,1
Tuấn Trần,Nguyễn Lâm Thảo Tâm,1
Tuấn Trần,Quang Minh,1
Tuấn Trần,Hoàng Phi,1
Tuấn Trần,Hoài Linh,2
Tuấn Trần,Diệp Bảo Ngọc,2
Tuấn Trần,Lê Giang,1
Tuấn Trần,Jung ll-woo,1
Tuấn Trần,Juliet Bảo Ngọc,1
Tuấn Trần,Hải Triều,1
Tuấn Trần,Lâm Vỹ Dạ,1
Tuấn Trần,Vinh Râu,1
Tuấn Trần,Ngọc Xuân,1
Tuấn Trần,Thanh Thức,1
Tuấn Trần,Võ Tấn Phát,2
Tuấn Trần,Hứa Minh Đạt,1
Tuấn Trần,Khương Lê,1
Tuấn Trần,Ma Ran Đô,1
Puka,Kim Xuân,1
Puka,Hữu Châu,1
Puka,Karen Nguyễn,1
Puka,Lệ Hằng,1
Puka,Đông Kha,1
Puka,Huỳnh Lập,1
Puka,Phương Mỹ Chi,1
Puka,Huỳnh Đông,1
Puka,Đào Anh Tuấn,1
Puka,Mai Thế Hiệp,1
Puka,Hạnh Thúy,1
Kim Xuân,Hữu Châu,1
Kim Xuân,Karen Nguyễn,1
Kim Xuân,Lệ Hằng,1
Kim Xuân,Đông Kha,1
Kim Xuân,Quang Tuấn,1
Kim Xuân,Mie,1
Kim Xuân,Vân Dung,1
Kim Xuân,Quốc Quân,1
Kim Xuân,Kiến An,1
Kim Xuân,Đào Anh Tuấn,1
Kim Xuân,Nam Thư,1
Kim Xuân,Hạnh Thúy,1
Kim Xuân,Huỳnh Uyển Ân,1
Kim Xuân,Hoàng Sơn,1
Hữu Châu,Karen Nguyễn,1
Hữu Châu,Lệ Hằng,1
Hữu Châu,Đông Kha,1
Hữu Châu,Kiều Minh Tuấn,1
Hữu Châu,Khả Như,1
Hữu Châu,Oanh Kiều,1
Hữu Châu,Ngân Chi,1
Hữu Châu,Ngọc Hiệp,1
Hữu Châu,Quốc Anh,1
Hữu Châu,Khả Ngân,1
Hữu Châu,Hoàng Yến Chibi,1
Hữu Châu,Yu Dương,1
Hữu Châu,Phi Phụng,2
Hữu Châu,Long Đẹp Trai,2
Hữu Châu,Viết Liên,1
Hữu Châu,Chiều Xuân,2
Hữu Châu,Băng Di,2
Hữu Châu,Will,1
Hữu Châu,Trần Lê Nam,1
Hữu Châu,Trần Doãn Hoàng,1
Hữu Châu,Bích Ngọc,1
Hữu Châu,Thanh Hoa,1
Hữu Châu,Thanh Bình,1
Hữu Châu,Chiến Thắng,1
Hữu Châu,Kim Tử Long,1
Hữu Châu,Lê Thiện,1
Hữu Châu,Kim Huyền,1
Hữu Châu,Cao Minh Đạt,1
Hữu Châu,Bạch Công Khanh,1
Hữu Châu,Bạch Long,1
Hữu Châu,Lê Phương,1
Hữu Châu,Chí Tâm,1
Hữu Châu,Quang Minh,1
Hữu Châu,Hoàng Phi,1
Hữu Châu,Hoài Linh,1
Hữu Châu,Diệp Bảo Ngọc,1
Hữu Châu,Lê Giang,1
Hữu Châu,Song Luân,1
Hữu Châu,Kaity Nguyễn,1
Hữu Châu,Đoàn Thiên Ân,1
Hữu Châu,Công Dương,1
Hữu Châu,Thành Lộc,1
Hữu Châu,Hứa Minh Đạt,1
Hữu Châu,Tín Nguyễn,1
Hữu Châu,Bảo Ngọc,1
Hữu Châu,Kim Phương,1
Hữu Châu,Tuyết Thu,1
Hữu Châu,Ngân Quỳnh,1
Hữu Châu,Kiều Trinh,1
Hữu Châu,Ngọc Tưởng,1
Hữu Châu,Quách Ngọc Tuyên,1
Hữu Châu,Tiết Cương,1
Hữu Châu,Đoàn Thế Vinh,1
Hữu Châu,Hồng Thu,1
Hữu Châu,Yuno BigBoi,1
Hữu Châu,Anh Tú Wilson,1
Hữu Châu,Rio Hạo Nhiên,1
Hữu Châu,Hồ Đông Quan,1
Hữu Châu,Cherry Hải My,1
Hữu Châu,Lê Tuấn Khang,1
Hữu Châu,Tiến Luật,1
Hữu Châu,Ngô Kiến Huy,1
Hữu Châu,Đại Nghĩa,1
Hữu Châu,Thanh Hương,1
Hữu Châu,Hoàng Mèo,1
Hữu Châu,Phan Vũ,1
Hữu Châu,Việt Hương,1
Hữu Châu,Hồng Đào,1
Hữu Châu,Lê Khánh,1
Hữu Châu,Tuấn Khải,1
Hữu Châu,Lâm Thanh Mỹ,1
Karen Nguyễn,Lệ Hằng,1
Karen Nguyễn,Đông Kha,1
Karen Nguyễn,Hoàng Yến Chibi,1
Karen Nguyễn,Trần Ngọc Vàng,1
Karen Nguyễn,Huyme,1
Karen Nguyễn,Thái Hòa,1
Karen Nguyễn,Xuân Phúc,1
Karen Nguyễn,Thanh Thúy,1
Karen Nguyễn,Kay Trần,1
Karen Nguyễn,Thanh Duy,1
Karen Nguyễn,Nguyễn Hữu Tiến,1
Karen Nguyễn,Nguyên Thảo,1
Karen Nguyễn,Mạc Trung Kiên,1
Karen Nguyễn,Lâm Hoàng Oanh,1
Karen Nguyễn,Đỗ Tuyển,1
Karen Nguyễn,Lâm Nguyễn,1
Karen Nguyễn,Quang Sơn,1
Lệ Hằng,Đông Kha,1
Hoàng Yến Chibi,Quách Ngọc Tuyên,1
Hoàng Yến Chibi,Nam Long,1
Hoàng Yến Chibi,Trương Minh Quốc Thái,1
Hoàng Yến Chibi,Doãn Quốc Đam,1
Hoàng Yến Chibi,Ngọc Hiệp,1
Hoàng Yến Chibi,Quốc Anh,1
Hoàng Yến Chibi,Khả Ngân,1
Hoàng Yến Chibi,Yu Dương,1
Hoàng Yến Chibi,Phi Phụng,1
Hoàng Yến Chibi,Long Đẹp Trai,1
Hoàng Yến Chibi,Trần Ngọc Vàng,1
Hoàng Yến Chibi,Huyme,1
Hoàng Yến Chibi,Thái Hòa,1
Hoàng Yến Chibi,Xuân Phúc,1
Hoàng Yến Chibi,Thanh Thúy,1
Hoàng Yến Chibi,Ngô Kiến Huy,1
Hoàng Yến Chibi,Nguyễn Thùy Anh,1
Hoàng Yến Chibi,Katleen Phan Võ,1
Quách Ngọc Tuyên,Nam Long,1
Quách Ngọc Tuyên,Trương Minh Quốc Thái,1
Quách Ngọc Tuyên,Doãn Quốc Đam,1
Quách Ngọc Tuyên,Phương Anh Đào,2
Quách Ngọc Tuyên,Hiếu Nguyễn,2
Quách Ngọc Tuyên,Oanh Kiều,2
Quách Ngọc Tuyên,Võ Thành Tâm,1
Quách Ngọc Tuyên,Ốc Thanh Vân,1
Quách Ngọc Tuyên,Huỳnh Đông,1
Quách Ngọc Tuyên,Lê Hạ Anh,1
Quách Ngọc Tuyên,Bé Bảo Thy,1
Quách Ngọc Tuyên,Tiết Cương,2
Quách Ngọc Tuyên,Huỳnh ChillHuyn,1
Quách Ngọc Tuyên,Ribi Sachi,1
Quách Ngọc Tuyên,Trương Minh Thảo,1
Quách Ngọc Tuyên,Sella Trương,1
Quách Ngọc Tuyên,Quốc Cường,1
Quách Ngọc Tuyên,Long Đẹp Trai,2
Quách Ngọc Tuyên,Tín Nguyễn,1
Quách Ngọc Tuyên,Bảo Ngọc,1
Quách Ngọc Tuyên,Kim Phương,1
Quách Ngọc Tuyên,Tuyết Thu,2
Quách Ngọc Tuyên,Ngân Quỳnh,1
Quách Ngọc Tuyên,Chiều Xuân,1
Quách Ngọc Tuyên,Kiều Trinh,1
Quách Ngọc Tuyên,Ngọc Tưởng,2
Quách Ngọc Tuyên,Đoàn Thế Vinh,1
Quách Ngọc Tuyên,Hồng Thu,1
Quách Ngọc Tuyên,Yuno BigBoi,1
Quách Ngọc Tuyên,Anh Tú Wilson,1
Quách Ngọc Tuyên,Rio Hạo Nhiên,1
Quách Ngọc Tuyên,Hồ Đông Quan,1
Quách Ngọc Tuyên,Cherry Hải My,1
Quách Ngọc Tuyên,Lê Tuấn Khang,1
Quách Ngọc Tuyên,Quách Ngọc Ngoan,1
Quách Ngọc Tuyên,Khả Ngân,1
Quách Ngọc Tuyên,Thùy Anh,1
Quách Ngọc Tuyên,Sĩ Toàn,1
Quách Ngọc Tuyên,Á Hậu Minh Kiên,1
Nam Long,Trương Minh Quốc Thái,1
Nam Long,Doãn Quốc Đam,1
Trương Minh Quốc Thái,Doãn Quốc Đam,1
Trương Minh Quốc Thái,Tiến Luật,1
Trương Minh Quốc Thái,Kiều Minh Tuấn,1
Trương Minh Quốc Thái,Anh Tú,1
Trương Minh Quốc Thái,La Thành,1
Trương Minh Quốc Thái,Thanh Tân,1
Trương Minh Quốc Thái,Châu Bùi,1
Doãn Quốc Đam,Cao Thị Thùy Linh,1
Doãn Quốc Đam,Trần Lực,1
Doãn Quốc Đam,Tuấn Hưng,1
Doãn Quốc Đam,Thiện Hùng,1
Doãn Quốc Đam,Trung Hiếu,1
Doãn Quốc Đam,Anh Tuấn,1
Doãn Quốc Đam,Nguyệt Hằng,1
Doãn Quốc Đam,Xuân Hồng,1
Doãn Quốc Đam,Văn Lượng,1
Doãn Quốc Đam,Phạm Minh Quang,1
Doãn Quốc Đam,Tùng Lee,1
Doãn Quốc Đam,Hải Quân,1
Doãn Quốc Đam,Tiến Lợi,1
Doãn Quốc Đam,Ngọc Ánh,1
Doãn Quốc Đam,Thùy Trang,1
Doãn Quốc Đam,Bùi Hải Vy,1
Doãn Quốc Đam,Nguyễn Diệu Thúy,1
Kiều Minh Tuấn,Khả Như,2
Kiều Minh Tuấn,Oanh Kiều,1
Kiều Minh Tuấn,Ngân Chi,1
Kiều Minh Tuấn,Khánh Hiền,1
Kiều Minh Tuấn,La Thành,2
Kiều Minh Tuấn,Thái Hoà,1
Kiều Minh Tuấn,Đức Thịnh,1
Kiều Minh Tuấn,Hồng Ánh,1
Kiều Minh Tuấn,Kaity Nguyễn,1
Kiều Minh Tuấn,Hứa Vĩ Văn,1
Kiều Minh Tuấn,Tiến Luật,2
Kiều Minh Tuấn,Anh Tú,1
Kiều Minh Tuấn,Thanh Tân,1
Kiều Minh Tuấn,Châu Bùi,1
Kiều Minh Tuấn,Bùi Anh Tú,1
Kiều Minh Tuấn,NSNDKim Xuân,1
Kiều Minh Tuấn,Hứa Vỹ Văn,1
Kiều Minh Tuấn,Quang Tuấn,1
Kiều Minh Tuấn,Ngọc Trinh,1
Kiều Minh Tuấn,Vân Trang,1
Kiều Minh Tuấn,Diệu Nhi,1
Kiều Minh Tuấn,Thúy Ngân,1
Kiều Minh Tuấn,Trần Ngọc Vàng,1
Kiều Minh Tuấn,Xuân Nghị,1
Kiều Minh Tuấn,Samuel An,1
Kiều Minh Tuấn,Quỳnh Lương,1
Kiều Minh Tuấn,Lê Giang,1
Kiều Minh Tuấn,Uyển Ân,1
Kiều Minh Tuấn,Huy Anh,1
Kiều Minh Tuấn,Minh Thảo,1
Kiều Minh Tuấn,Kiều Oanh,1
Kiều Minh Tuấn,Quốc Khánh,1
Kiều Minh Tuấn,Mai Cát Vi,1
Kiều Minh Tuấn,Huỳnh Hạo Khang,1
Khả Như,Oanh Kiều,1
Khả Như,Ngân Chi,1
Khả Như,Ngô Kiến Huy,1
Khả Như,Jessica Hoàng Anh,1
Khả Như,Maya,1
Khả Như,Hứa Vĩ Văn,1
Khả Như,Hoàng Phi,1
Khả Như,Mạc Can,1
Khả Như,Vân Trang,1
Khả Như,Hữu Tiến,1
Khả Như,Huỳnh Thanh Trực,1
Khả Như,Huỳnh Như,1
Khả Như,Đan,1
Khả Như,Trịnh Tài,1
Khả Như,Lê Bê La,1
Khả Như,Ngọc Hiệp,1
Khả Như,Lê Giang,1
Khả Như,Trấn Thành,2
Khả Như,Lê Dương Bảo Lâm,1
Khả Như,Song Luân,1
Khả Như,Huỳnh Uyển Ân,1
Khả Như,Diệu Nhi,1
Khả Như,Thúy Ngân,1
Khả Như,Trần Ngọc Vàng,1
Khả Như,Xuân Nghị,1
Khả Như,Phương Anh Đào,1
Khả Như,Quốc Khánh,1
Khả Như,Uyển Ân,1
Khả Như,Hồng Đào,1
Khả Như,Anh Phạm,1
Khả Như,Thanh Hằng,1
Khả Như,Anh Đức,1
Khả Như,Thanh Nam,1
Khả Như,Vân Dung,1
Khả Như,Hà Trung,1
Khả Như,Quang Tuấn,1
Oanh Kiều,Ngân Chi,1
Oanh Kiều,Phương Anh Đào,2
Oanh Kiều,Hiếu Nguyễn,2
Oanh Kiều,Quang Sự,1
Oanh Kiều,Phạm Quỳnh Anh,1
Oanh Kiều,Quốc Cường,1
Oanh Kiều,Hồng Ân,1
Ngân Chi,Trấn Thành,1
Ngân Chi,Tuần Trần,1
Ngân Chi,Lê Giang,1
Ngân Chi,Hoàng Mèo,1
Ngân Chi,Lan Phương,1
Ngân Chi,La Thành,1
Ngân Chi,Lê Trang,1
Ngân Chi,Quốc Khánh,1
Ngân Chi,Trâm Anh,1
Ngân Chi,Lê Thu,1
Ngân Chi,Đắc Tín,1
Ngân Chi,Thái Vũ,1
Ngân Chi,Ceri,1
Ngân Chi,Bảo Tiên,1
Ngân Chi,Hồng Anh,1
Ngân Chi,Hoàng Long,1
Thúy Hằng,Hồ Minh Khuê,1
Thúy Hằng,Hoàng Mai Anh,1
Hồ Minh Khuê,Hoàng Mai Anh,1
Khánh Hiền,La Thành,1
La Thành,Tiến Luật,1
La Thành,Anh Tú,1
La Thành,Thanh Tân,1
La Thành,Châu Bùi,1
La Thành,Trấn Thành,1
La Thành,Tuần Trần,1
La Thành,Lê Giang,1
La Thành,Hoàng Mèo,1
La Thành,Lan Phương,1
La Thành,Lê Trang,1
La Thành,Quốc Khánh,1
La Thành,Huỳnh Đông,2
La Thành,Ốc Thanh Vân,2
La Thành,Lê Lộc,1
La Thành,Trần Phong,2
La Thành,Xuân Nghị,1
La Thành,Isaac,1
La Thành,Rocker Nguyễn,1
La Thành,Emma Lê,1
La Thành,Lợi Trần,1
La Thành,Ngọc Hồ,1
FAPtv (Huỳnh Phương,Thái Vũ,1
FAPtv (Huỳnh Phương,Vinh Râu),1
FAPtv (Huỳnh Phương,Phan Hoàng Kim,1
FAPtv (Huỳnh Phương,Mai Thuý Vy,1
FAPtv (Huỳnh Phương,Quỳnh Thư,1
FAPtv (Huỳnh Phương,Long Đẹp Trai,1
Thái Vũ,Vinh Râu),1
Thái Vũ,Phan Hoàng Kim,2
Thái Vũ,Mai Thuý Vy,1
Thái Vũ,Quỳnh Thư,2
Thái Vũ,Long Đẹp Trai,1
Thái Vũ,Huỳnh Phương,2
Thái Vũ,Vinh Râu,2
Thái Vũ,Thái Hòa,1
Thái Vũ,Tiến Luật,1
Thái Vũ,Trâm Anh,1
Thái Vũ,Lê Thu,1
Thái Vũ,Đắc Tín,1
Thái Vũ,Ceri,1
Thái Vũ,Bảo Tiên,1
Thái Vũ,Hồng Anh,1
Thái Vũ,Hoàng Long,1
Vinh Râu),Phan Hoàng Kim,1
Vinh Râu),Mai Thuý Vy,1
Vinh Râu),Quỳnh Thư,1
Vinh Râu),Long Đẹp Trai,1
Phan Hoàng Kim,Mai Thuý Vy,1
Phan Hoàng Kim,Quỳnh Thư,2
Phan Hoàng Kim,Long Đẹp Trai,1
Phan Hoàng Kim,Huỳnh Phương,1
Phan Hoàng Kim,Vinh Râu,1
Mai Thuý Vy,Quỳnh Thư,1
Mai Thuý Vy,Long Đẹp Trai,1
Quỳnh Thư,Long Đẹp Trai,1
Quỳnh Thư,Huỳnh Phương,1
Quỳnh Thư,Vinh Râu,1
Long Đẹp Trai,Ngọc Hiệp,1
Long Đẹp Trai,Quốc Anh,1
Long Đẹp Trai,Khả Ngân,2
Long Đẹp Trai,Yu Dương,1
Long Đẹp Trai,Phi Phụng,1
Long Đẹp Trai,Tín Nguyễn,1
Long Đẹp Trai,Bảo Ngọc,1
Long Đẹp Trai,Kim Phương,1
Long Đẹp Trai,Tuyết Thu,2
Long Đẹp Trai,Ngân Quỳnh,1
Long Đẹp Trai,Chiều Xuân,1
Long Đẹp Trai,Kiều Trinh,1
Long Đẹp Trai,Ngọc Tưởng,2
Long Đẹp Trai,Tiết Cương,1
Long Đẹp Trai,Đoàn Thế Vinh,1
Long Đẹp Trai,Hồng Thu,1
Long Đẹp Trai,Yuno BigBoi,1
Long Đẹp Trai,Anh Tú Wilson,1
Long Đẹp Trai,Rio Hạo Nhiên,1
Long Đẹp Trai,Hồ Đông Quan,1
Long Đẹp Trai,Cherry Hải My,1
Long Đẹp Trai,Lê Tuấn Khang,1
Long Đẹp Trai,Quách Ngọc Ngoan,1
Long Đẹp Trai,Thùy Anh,1
Long Đẹp Trai,Sĩ Toàn,1
Long Đẹp Trai,Á Hậu Minh Kiên,1
Phương Anh Đào,Quang Tuấn,2
Phương Anh Đào,Đỗ Nhật Trường,1
Phương Anh Đào,Ái Phương,1
Phương Anh Đào,Hiếu Nguyễn,2
Phương Anh Đào,Hạnh Thúy,1
Phương Anh Đào,Ngọc Hiệp,1
Phương Anh Đào,Miu Lê,1
Phương Anh Đào,Karik,1
Phương Anh Đào,Lãnh Thanh,1
Phương Anh Đào,Trấn Thành,1
Phương Anh Đào,Quốc Khánh,1
Phương Anh Đào,Uyển Ân,1
Phương Anh Đào,Hồng Đào,1
Phương Anh Đào,Anh Phạm,1
Phương Anh Đào,Thanh Hằng,1
Phương Anh Đào,Anh Đức,1
Phương Anh Đào,Khương Lê,1
Phương Anh Đào,Võ Tấn Phát,1
Phương Anh Đào,Ma Ran Đô,1
Quang Tuấn,Đỗ Nhật Trường,1
Quang Tuấn,Ái Phương,1
Quang Tuấn,Nhã Phương,1
Quang Tuấn,Diễm My,1
Quang Tuấn,Mai Cát Vi,1
Quang Tuấn,Lâm Thanh Mỹ,1
Quang Tuấn,Diệu Nhi,1
Quang Tuấn,Hứa Vỹ Văn,1
Quang Tuấn,Tiến Luật,1
Quang Tuấn,Hạnh Thúy,3
Quang Tuấn,Ngọc Hiệp,1
Quang Tuấn,Hứa Vĩ Văn,1
Quang Tuấn,Lê Khánh,1
Quang Tuấn,Hoàng Oanh,1
Quang Tuấn,Võ Tấn Phát,1
Quang Tuấn,Nguyên Thảo,2
Quang Tuấn,Ngọc Phước,1
Quang Tuấn,Ngọc Hoa,1
Quang Tuấn,Mie,1
Quang Tuấn,Vân Dung,2
Quang Tuấn,Quốc Quân,1
Quang Tuấn,Kiến An,1
Quang Tuấn,Đào Anh Tuấn,1
Quang Tuấn,Nam Thư,1
Quang Tuấn,Thanh Nam,1
Quang Tuấn,Hà Trung,1
Quang Tuấn,Cao Minh,1
Quang Tuấn,Diễm Hằng,1
Quang Tuấn,Thái Hòa,1
Quang Tuấn,Anh Tú Wilson,1
Quang Tuấn,Cao Sang Lê,1
Quang Tuấn,Khánh Ly,1
Quang Tuấn,Hoàng Minh Triết,1
Quang Tuấn,Nhật Ý,1
Quang Tuấn,Hồ Thu Anh,1
Quang Tuấn,Thanh Hằng,1
Quang Tuấn,Vân Trang,1
Quang Tuấn,Huỳnh Đông,1
Quang Tuấn,Hoàng Kim Ngọc,1
Quang Tuấn,Lan Thy,1
Quang Tuấn,Lâm Thanh Nhã,1
Quang Tuấn,Ma Ran Đô,1
Quang Tuấn,Hoài Lâm,1
Quang Tuấn,Quách Ngọc Ngoan,1
Quang Tuấn,Sỹ Toàn,1
Quang Tuấn,Thanh Hương,1
Quang Tuấn,Đình Hiếu,1
Quang Tuấn,Hoàng Trinh,1
Đỗ Nhật Trường,Ái Phương,1
Đỗ Nhật Trường,Midu,1
Đỗ Nhật Trường,Lê Dương Bảo Lâm,1
Đỗ Nhật Trường,Phú Thịnh,1
Đỗ Nhật Trường,Lãnh Thanh,1
Đỗ Nhật Trường,Him Phạm,1
Đỗ Nhật Trường,Tiko Tiến Công,1
Đỗ Nhật Trường,Long Hoàng,1
Peter Phạm,Simon Kook,1
Peter Phạm,Thạch Kim Long,1
Peter Phạm,Công Ninh,1
Peter Phạm,Phạm Huy Thục,1
Peter Phạm,Lê Thu An,1
Peter Phạm,Hải Ngân Brianna,1
Peter Phạm,Hồ Quang Mẫn,1
Peter Phạm,Tuấn Zoi,1
Peter Phạm,Ellie Mễ Tiên,1
Simon Kook,Thạch Kim Long,1
Simon Kook,Công Ninh,1
Simon Kook,Phạm Huy Thục,1
Thạch Kim Long,Công Ninh,1
Thạch Kim Long,Phạm Huy Thục,1
Công Ninh,Phạm Huy Thục,1
Công Ninh,Trấn Thành,1
Công Ninh,Hứa Vĩ Văn,1
Công Ninh,Mai Tài Phến,1
Công Ninh,Hồng Ánh,2
Công Ninh,Rocker Nguyen,1
Công Ninh,Naomi,1
Công Ninh,Ceri,1
Công Ninh,Quốc Khánh,1
Công Ninh,Nguyễn Lâm Thảo Tâm,1
Công Ninh,Khánh Vân,1
Công Ninh,Công Dương,1
Công Ninh,Minh Dự,1
Công Ninh,Trần Nghĩa,1
Công Ninh,Thanh Nam,1
Công Ninh,Đức Sơn,1
Công Ninh,Quyền Linh,1
Công Ninh,Minh Luân,1
Công Ninh,Kiều Oanh,1
Công Ninh,Trần Kim Hải,1
Trần Anh Khoa,Anh Tú Wilson,1
Trần Anh Khoa,Wowy,1
Trần Anh Khoa,Cát Phượng,1
Trần Anh Khoa,Mai Thế Hiệp,1
Trần Anh Khoa,Thanh Tú,1
Trần Anh Khoa,Hải Triều,1
Anh Tú Wilson,Wowy,1
Anh Tú Wilson,Cát Phượng,1
Anh Tú Wilson,Mai Thế Hiệp,1
Anh Tú Wilson,Thanh Tú,1
Anh Tú Wilson,Hải Triều,1
Anh Tú Wilson,Cao Minh,1
Anh Tú Wilson,Diễm Hằng,1
Anh Tú Wilson,Thái Hòa,1
Anh Tú Wilson,Cao Sang Lê,1
Anh Tú Wilson,Khánh Ly,1
Anh Tú Wilson,Hoàng Minh Triết,1
Anh Tú Wilson,Nhật Ý,1
Anh Tú Wilson,Hồ Thu Anh,1
Anh Tú Wilson,Tín Nguyễn,1
Anh Tú Wilson,Bảo Ngọc,1
Anh Tú Wilson,Kim Phương,1
Anh Tú Wilson,Tuyết Thu,1
Anh Tú Wilson,Ngân Quỳnh,1
Anh Tú Wilson,Chiều Xuân,1
Anh Tú Wilson,Kiều Trinh,1
Anh Tú Wilson,Ngọc Tưởng,1
Anh Tú Wilson,Tiết Cương,1
Anh Tú Wilson,Đoàn Thế Vinh,1
Anh Tú Wilson,Hồng Thu,1
Anh Tú Wilson,Yuno BigBoi,1
Anh Tú Wilson,Rio Hạo Nhiên,1
Anh Tú Wilson,Hồ Đông Quan,1
Anh Tú Wilson,Cherry Hải My,1
Anh Tú Wilson,Lê Tuấn Khang,1
Wowy,Cát Phượng,1
Wowy,Mai Thế Hiệp,1
Wowy,Thanh Tú,1
Wowy,Hải Triều,1
Cát Phượng,Mai Thế Hiệp,1
Cát Phượng,Thanh Tú,1
Cát Phượng,Hải Triều,1
Cát Phượng,Ngọc Ánh,1
Cát Phượng,Hoàng Anh Duy,1
Cát Phượng,Mỹ Duyên,1
Cát Phượng,Trương Minh Cường,1
Cát Phượng,Lộ Lộ,1
Cát Phượng,Tiểu Bảo Quốc,1
Cát Phượng,Hiếu Hiền,1
Cát Phượng,Lê Quốc Nam,1
Mai Thế Hiệp,Thanh Tú,1
Mai Thế Hiệp,Hải Triều,1
Mai Thế Hiệp,Thúy Diễm,1
Mai Thế Hiệp,Lâm Thanh Mỹ,1
Mai Thế Hiệp,Rima Thanh Vy,2
Mai Thế Hiệp,Hạnh Thúy,2
Mai Thế Hiệp,Ngọc Hiệp,1
Mai Thế Hiệp,Quốc Cường,1
Mai Thế Hiệp,Doãn Hoàng,1
Mai Thế Hiệp,Nguyễn Phước Lộc,1
Mai Thế Hiệp,Trần Thiên Tú,1
Mai Thế Hiệp,SyNi Trang,1
Mai Thế Hiệp,Hải Nam,1
Mai Thế Hiệp,Anvi Lu,1
Mai Thế Hiệp,Ngọc Xuân,1
Mai Thế Hiệp,Đỗ Nhật Hoàng,1
Mai Thế Hiệp,Huỳnh Hạo Khang,1
Mai Thế Hiệp,Đỗ Kỳ Phong,1
Mai Thế Hiệp,Xuân Nghị,1
Mai Thế Hiệp,Kiều Trinh,1
Mai Thế Hiệp,Tấn Thi,1
Mai Thế Hiệp,Ngân Quỳnh,1
Mai Thế Hiệp,Huỳnh Lập,1
Mai Thế Hiệp,Phương Mỹ Chi,1
Mai Thế Hiệp,Huỳnh Đông,1
Mai Thế Hiệp,Đào Anh Tuấn,1
Thanh Tú,Hải Triều,1
Hải Triều,Hồng Đào,1
Hải Triều,Jung ll-woo,1
Hải Triều,Juliet Bảo Ngọc,1
Hải Triều,Quốc Khánh,1
Hải Triều,Lâm Vỹ Dạ,1
Hải Triều,Vinh Râu,1
Lương Anh Vũ (Alvin Lu),Hồ Thu Anh,1
Lương Anh Vũ (Alvin Lu),Hồ Minh Ngọc,1
Lương Anh Vũ (Alvin Lu),Hồ Thành Trung,1
Lương Anh Vũ (Alvin Lu),Việt Linh,1
Hồ Thu Anh,Hồ Minh Ngọc,1
Hồ Thu Anh,Hồ Thành Trung,1
Hồ Thu Anh,Việt Linh,1
Hồ Thu Anh,Nguyễn Lâm Thảo Tâm,1
Hồ Thu Anh,Công Dương,1
Hồ Thu Anh,Võ Điền Gia Huy,1
Hồ Thu Anh,Cao Minh,1
Hồ Thu Anh,Diễm Hằng,1
Hồ Thu Anh,Thái Hòa,1
Hồ Thu Anh,Cao Sang Lê,1
Hồ Thu Anh,Khánh Ly,1
Hồ Thu Anh,Hoàng Minh Triết,1
Hồ Thu Anh,Nhật Ý,1
Hồ Minh Ngọc,Hồ Thành Trung,1
Hồ Minh Ngọc,Việt Linh,1
Hồ Thành Trung,Việt Linh,1
Việt Linh,Nanon Korapat,1
Việt Linh,Minh Beta,1
Việt Linh,Trúc Anh Burin,1
Việt Linh,Thiên Nga,1
Yu Dương,Kiều Trinh,1
Yu Dương,Xuân Hiệp,1
Yu Dương,Tống Yến Nhi,1
Yu Dương,Mai Bích Trâm,1
Yu Dương,Ngọc Hiệp,1
Yu Dương,Quốc Anh,1
Yu Dương,Khả Ngân,1
Yu Dương,Phi Phụng,1
Yu Dương,Nguyễn Xuân Thắng,1
Yu Dương,Hứa Vĩ Văn,1
Yu Dương,Bé Quyên,1
Kiều Trinh,Xuân Hiệp,1
Kiều Trinh,Tống Yến Nhi,1
Kiều Trinh,Mai Bích Trâm,1
Kiều Trinh,Anvi Lu,1
Kiều Trinh,Ngọc Xuân,1
Kiều Trinh,Đỗ Nhật Hoàng,1
Kiều Trinh,Huỳnh Hạo Khang,2
Kiều Trinh,Đỗ Kỳ Phong,1
Kiều Trinh,Rima Thanh Vy,1
Kiều Trinh,Xuân Nghị,1
Kiều Trinh,Tấn Thi,1
Kiều Trinh,Ngân Quỳnh,2
Kiều Trinh,SyNi Trang,1
Kiều Trinh,Chiều Xuân,2
Kiều Trinh,Thu Hương,1
Kiều Trinh,Mạnh Cường,1
Kiều Trinh,Quang Tèo,1
Kiều Trinh,Hải Anh,2
Kiều Trinh,Hoàng Kim Ngọc,1
Kiều Trinh,Phạm Tuấn Anh,1
Kiều Trinh,Trần Quang Minh,1
Kiều Trinh,Phú Thịnh,1
Kiều Trinh,Bé An Bình,1
Kiều Trinh,Đình Khang,1
Kiều Trinh,Tín Nguyễn,1
Kiều Trinh,Bảo Ngọc,1
Kiều Trinh,Kim Phương,1
Kiều Trinh,Tuyết Thu,1
Kiều Trinh,Ngọc Tưởng,1
Kiều Trinh,Tiết Cương,1
Kiều Trinh,Đoàn Thế Vinh,1
Kiều Trinh,Hồng Thu,1
Kiều Trinh,Yuno BigBoi,1
Kiều Trinh,Rio Hạo Nhiên,1
Kiều Trinh,Hồ Đông Quan,1
Kiều Trinh,Cherry Hải My,1
Kiều Trinh,Lê Tuấn Khang,1
Kiều Trinh,Trương Ngọc Ánh,1
Kiều Trinh,Tiến Phạm,1
Kiều Trinh,Uy Nhân,1
Kiều Trinh,Trần Thanh Tùng,1
Kiều Trinh,Samuel An,1
Kiều Trinh,Lan Thy,1
Kiều Trinh,Phi Phụng,1
Kiều Trinh,Hiếu Hiền,1
Kiều Trinh,Trịnh Tú Trung,1
Kiều Trinh,Bảo Khương,1
Kiều Trinh,Lê Anh Huy,1
Xuân Hiệp,Tống Yến Nhi,1
Xuân Hiệp,Mai Bích Trâm,1
Tống Yến Nhi,Mai Bích Trâm,1
Yaya Trương Nhi,Trịnh Xuân Nhãn,1
Yaya Trương Nhi,Phạm Thanh Trúc,1
Trịnh Xuân Nhãn,Phạm Thanh Trúc,1
Thái Hoà,Đức Thịnh,1
Thái Hoà,Hồng Ánh,1
Thái Hoà,Kaity Nguyễn,1
Thái Hoà,Hứa Vĩ Văn,1
Đức Thịnh,Hồng Ánh,1
Đức Thịnh,Kaity Nguyễn,1
Đức Thịnh,Hứa Vĩ Văn,1
Hồng Ánh,Kaity Nguyễn,1
Hồng Ánh,Hứa Vĩ Văn,2
Hồng Ánh,Chi Pu,1
Hồng Ánh,Rima Thanh Vy,1
Hồng Ánh,Bình Minh,1
Hồng Ánh,Anh Thư,1
Hồng Ánh,Trấn Thành,1
Hồng Ánh,Mai Tài Phến,1
Hồng Ánh,Khánh Vân,1
Hồng Ánh,Công Dương,1
Hồng Ánh,Minh Dự,1
Hồng Ánh,Trần Nghĩa,1
Hồng Ánh,Thanh Nam,1
Hồng Ánh,Đức Sơn,1
Hồng Ánh,Tín Nguyễn,1
Hồng Ánh,Trần Kim Hải,1
Hồng Ánh,Hoàng Phi,1
Hồng Ánh,Thành Hội,1
Hồng Ánh,Samuel An,1
Hồng Ánh,Ái Như,1
Kaity Nguyễn,Hứa Vĩ Văn,1
Kaity Nguyễn,Hoàng Dũng,1
Kaity Nguyễn,Khương Lê,1
Kaity Nguyễn,Phương Lan,1
Kaity Nguyễn,Thoại Tiên,1
Kaity Nguyễn,Nguyễn Thùy Anh,1
Kaity Nguyễn,Thuận Nguyễn,1
Kaity Nguyễn,Quang Thắng,1
Kaity Nguyễn,Kim Oanh,1
Kaity Nguyễn,Đinh Ngọc Diệp,1
Kaity Nguyễn,Anh Dũng,1
Kaity Nguyễn,Quốc Huy,1
Kaity Nguyễn,Song Luân,1
Kaity Nguyễn,Đoàn Thiên Ân,1
Kaity Nguyễn,Công Dương,1
Kaity Nguyễn,Thành Lộc,1
Kaity Nguyễn,Hứa Minh Đạt,1
Kaity Nguyễn,Thanh Sơn,2
Kaity Nguyễn,Trần Ngọc Vàng,2
Kaity Nguyễn,Thái Hòa,1
Kaity Nguyễn,Xuân Phúc,1
Kaity Nguyễn,Võ Điền Gia Huy,1
Hứa Vĩ Văn,Hoàng Thùy Linh,1
Hứa Vĩ Văn,BB Trần,1
Hứa Vĩ Văn,Trịnh Thăng Bình,1
Hứa Vĩ Văn,Hạnh Thúy,1
Hứa Vĩ Văn,Kay Trần,1
Hứa Vĩ Văn,Ngô Kiến Huy,1
Hứa Vĩ Văn,Jessica Hoàng Anh,1
Hứa Vĩ Văn,Maya,1
Hứa Vĩ Văn,Hoàng Phi,1
Hứa Vĩ Văn,Lê Khánh,1
Hứa Vĩ Văn,Hoàng Oanh,1
Hứa Vĩ Văn,Võ Tấn Phát,1
Hứa Vĩ Văn,Nguyên Thảo,1
Hứa Vĩ Văn,Ngọc Phước,1
Hứa Vĩ Văn,Ngọc Hoa,1
Hứa Vĩ Văn,Trấn Thành,1
Hứa Vĩ Văn,Mai Tài Phến,1
Hứa Vĩ Văn,Thân Thúy Hà,1
Hứa Vĩ Văn,Trọng Hải,1
Hứa Vĩ Văn,Trần Lực,1
Hứa Vĩ Văn,Hòa Minzy,1
Hứa Vĩ Văn,Thúy Hà,1
Hứa Vĩ Văn,Đỗ Nhật Hoàng,1
Hứa Vĩ Văn,Phương Nam,1
Hứa Vĩ Văn,Lâm Thanh Nhã,1
Hứa Vĩ Văn,Nguyễn Thanh Vân,1
Hứa Vĩ Văn,Đình Khang,1
Hứa Vĩ Văn,Nguyễn Hùng,1
Hứa Vĩ Văn,Steven Nguyễn,1
Hứa Vĩ Văn,Hoàng Long,1
Hứa Vĩ Văn,Hạ Anh,1
Hứa Vĩ Văn,Nguyễn Xuân Thắng,1
Hứa Vĩ Văn,Bé Quyên,1
Hoàng Thùy Linh,BB Trần,1
Hoàng Thùy Linh,Trịnh Thăng Bình,1
Hoàng Thùy Linh,Hạnh Thúy,1
Hoàng Thùy Linh,Kay Trần,1
BB Trần,Trịnh Thăng Bình,1
BB Trần,Hạnh Thúy,1
BB Trần,Kay Trần,1
Trịnh Thăng Bình,Hạnh Thúy,1
Trịnh Thăng Bình,Kay Trần,1
Hạnh Thúy,Kay Trần,1
Hạnh Thúy,NSNDKim Xuân,1
Hạnh Thúy,Việt Hương,1
Hạnh Thúy,Hữu Tín,1
Hạnh Thúy,Nam Em,1
Hạnh Thúy,Ngọc Hiệp,2
Hạnh Thúy,Lê Phương,1
Hạnh Thúy,Quốc Huy,1
Hạnh Thúy,Nhật Kim Anh,1
Hạnh Thúy,Lê Trang,1
Hạnh Thúy,Mie,1
Hạnh Thúy,Vân Dung,1
Hạnh Thúy,Quốc Quân,1
Hạnh Thúy,Kiến An,1
Hạnh Thúy,Đào Anh Tuấn,2
Hạnh Thúy,Nam Thư,1
Hạnh Thúy,Thúy Diễm,1
Hạnh Thúy,Lâm Thanh Mỹ,1
Hạnh Thúy,Rima Thanh Vy,1
Hạnh Thúy,Quốc Cường,1
Hạnh Thúy,Doãn Hoàng,1
Hạnh Thúy,Nguyễn Phước Lộc,1
Hạnh Thúy,Trần Thiên Tú,1
Hạnh Thúy,SyNi Trang,1
Hạnh Thúy,Hải Nam,1
Hạnh Thúy,Huỳnh Lập,1
Hạnh Thúy,Phương Mỹ Chi,1
Hạnh Thúy,Huỳnh Đông,1
Hạnh Thúy,Bạch Công Khanh,1
Hạnh Thúy,Tuấn Dũng,1
Hạnh Thúy,Minh Hoàng,1
Hạnh Thúy,Đại Nghĩa,1
Hạnh Thúy,Lan Thy,1
Hạnh Thúy,Hoài Lâm,1
Hạnh Thúy,Quách Ngọc Ngoan,1
Hạnh Thúy,Sỹ Toàn,1
Hạnh Thúy,Thanh Hương,1
Hạnh Thúy,Đình Hiếu,1
Hạnh Thúy,Hoàng Trinh,1
Kay Trần,Thanh Duy,1
Kay Trần,Nguyễn Hữu Tiến,1
Kay Trần,Nguyên Thảo,1
Kay Trần,Mạc Trung Kiên,1
Kay Trần,Lâm Hoàng Oanh,1
Kay Trần,Đỗ Tuyển,1
Kay Trần,Lâm Nguyễn,1
Kay Trần,Quang Sơn,1
Ngọc Hiệp,Quốc Anh,1
Ngọc Hiệp,Khả Ngân,1
Ngọc Hiệp,Phi Phụng,1
Ngọc Hiệp,Mạc Can,1
Ngọc Hiệp,Vân Trang,1
Ngọc Hiệp,Hữu Tiến,1
Ngọc Hiệp,Huỳnh Thanh Trực,1
Ngọc Hiệp,Huỳnh Như,1
Ngọc Hiệp,Đan,1
Ngọc Hiệp,Trịnh Tài,1
Ngọc Hiệp,Lê Bê La,1
Ngọc Hiệp,Thúy Diễm,1
Ngọc Hiệp,Lâm Thanh Mỹ,1
Ngọc Hiệp,Rima Thanh Vy,1
Ngọc Hiệp,Quốc Cường,1
Ngọc Hiệp,Doãn Hoàng,1
Ngọc Hiệp,Nguyễn Phước Lộc,1
Ngọc Hiệp,Trần Thiên Tú,1
Ngọc Hiệp,SyNi Trang,1
Ngọc Hiệp,Hải Nam,1
Quốc Anh,Khả Ngân,1
Quốc Anh,Phi Phụng,1
Quốc Anh,Trấn Thành,1
Quốc Anh,Lê Dương Bảo Lâm,1
Quốc Anh,Lê Giang,1
Quốc Anh,Uyển Ân,1
Quốc Anh,Trần Tiểu Vy,1
Quốc Anh,Kỳ Duyên,1
Quốc Anh,Quốc Huy,1
Quốc Anh,Đinh Ngọc Diệp,1
Quốc Anh,Đoàn Minh Anh,1
Quốc Anh,Anh Phạm,1
Quốc Anh,Mỹ Uyên,1
Quốc Anh,Xuân Trang,1
Quốc Anh,Quốc Cường,1
Quốc Anh,Quốc Tân,1
Quốc Anh,Sỹ Toàn,1
Quốc Anh,Võ Điền Gia Huy,1
Khả Ngân,Phi Phụng,1
Khả Ngân,Quách Ngọc Ngoan,1
Khả Ngân,Thùy Anh,1
Khả Ngân,Sĩ Toàn,1
Khả Ngân,Tuyết Thu,1
Khả Ngân,Ngọc Tưởng,1
Khả Ngân,Á Hậu Minh Kiên,1
Phi Phụng,Hữu Khang,1
Phi Phụng,Neko Bảo Tiên,1
Phi Phụng,NSƯTTrung Anh,1
Phi Phụng,Hiếu Hiền,2
Phi Phụng,Tiến Luật,1
Phi Phụng,Ngô Kiến Huy,1
Phi Phụng,Đại Nghĩa,1
Phi Phụng,Thanh Hương,1
Phi Phụng,Hoàng Mèo,1
Phi Phụng,Phan Vũ,1
Phi Phụng,Trương Ngọc Ánh,1
Phi Phụng,Tiến Phạm,1
Phi Phụng,Uy Nhân,1
Phi Phụng,Trần Thanh Tùng,1
Phi Phụng,Samuel An,1
Phi Phụng,Lan Thy,1
Phi Phụng,Trịnh Tú Trung,1
Phi Phụng,Hải Anh,1
Phi Phụng,Bảo Khương,1
Phi Phụng,Lê Anh Huy,1
Lê Thu An,Hải Ngân Brianna,1
Lê Thu An,Hồ Quang Mẫn,1
Lê Thu An,Tuấn Zoi,1
Lê Thu An,Ellie Mễ Tiên,1
Lê Thu An,Trình Mỹ Duyên,1
Hải Ngân Brianna,Hồ Quang Mẫn,1
Hải Ngân Brianna,Tuấn Zoi,1
Hải Ngân Brianna,Ellie Mễ Tiên,1
Hồ Quang Mẫn,Tuấn Zoi,1
Hồ Quang Mẫn,Ellie Mễ Tiên,1
Tuấn Zoi,Ellie Mễ Tiên,1
Tiến Luật,Anh Tú,1
Tiến Luật,Thanh Tân,1
Tiến Luật,Châu Bùi,1
Tiến Luật,Hứa Vỹ Văn,1
Tiến Luật,Bảo Thi,1
Tiến Luật,Vân Trang,1
Tiến Luật,Huỳnh Phương,2
Tiến Luật,Thái Hòa,1
Tiến Luật,Vinh Râu,1
Tiến Luật,Đoàn Thiên Ân,1
Tiến Luật,Võ Tấn Phát,1
Tiến Luật,Ma Ran Tô,1
Tiến Luật,Ngô Kiến Huy,1
Tiến Luật,Đại Nghĩa,1
Tiến Luật,Thanh Hương,1
Tiến Luật,Hoàng Mèo,1
Tiến Luật,Phan Vũ,1
Tiến Luật,Lý Hạo Mạnh Quỳnh,1
Tiến Luật,Hoàng Hà,1
Tiến Luật,Avin Lu,1
Tiến Luật,Đinh Y Nhung,1
Tiến Luật,Quốc Cường,1
Tiến Luật,Kiều Anh,1
Anh Tú,Thanh Tân,1
Anh Tú,Châu Bùi,1
Thanh Tân,Châu Bùi,1
Trần Ngọc Vàng,Huyme,1
Trần Ngọc Vàng,Thái Hòa,2
Trần Ngọc Vàng,Xuân Phúc,2
Trần Ngọc Vàng,Thanh Thúy,1
Trần Ngọc Vàng,Diệu Nhi,1
Trần Ngọc Vàng,Thúy Ngân,1
Trần Ngọc Vàng,Xuân Nghị,1
Trần Ngọc Vàng,Thanh Sơn,2
Trần Ngọc Vàng,Võ Điền Gia Huy,1
Huyme,Thái Hòa,1
Huyme,Xuân Phúc,1
Huyme,Thanh Thúy,1
Thái Hòa,Xuân Phúc,2
Thái Hòa,Thanh Thúy,1
Thái Hòa,Huỳnh Phương,1
Thái Hòa,Vinh Râu,1
Thái Hòa,Xuân Lan,1
Thái Hòa,Lâm Thanh Nhã,1
Thái Hòa,Uyển Ân,1
Thái Hòa,Quang Minh,1
Thái Hòa,Cao Minh,1
Thái Hòa,Diễm Hằng,1
Thái Hòa,Cao Sang Lê,1
Thái Hòa,Khánh Ly,1
Thái Hòa,Hoàng Minh Triết,1
Thái Hòa,Nhật Ý,1
Thái Hòa,Thanh Sơn,1
Thái Hòa,Võ Điền Gia Huy,1
Xuân Phúc,Thanh Thúy,1
Xuân Phúc,Thanh Sơn,1
Xuân Phúc,Võ Điền Gia Huy,1
Tiến Hoàng,Katleen Phan Võ,1
Tiến Hoàng,Gi A Nguyễn,1
Tiến Hoàng,Duy Khánh,1
Tiến Hoàng,Cris Phan,1
Tiến Hoàng,MLee,1
Katleen Phan Võ,Gi A Nguyễn,1
Katleen Phan Võ,Duy Khánh,1
Katleen Phan Võ,Cris Phan,1
Katleen Phan Võ,MLee,1
Katleen Phan Võ,Ngô Kiến Huy,1
Katleen Phan Võ,Nguyễn Thùy Anh,1
Gi A Nguyễn,Duy Khánh,1
Gi A Nguyễn,Cris Phan,1
Gi A Nguyễn,MLee,1
Duy Khánh,Cris Phan,1
Duy Khánh,MLee,1
Duy Khánh,Thuận Nguyễn,1
Duy Khánh,Quang Minh,1
Duy Khánh,Phương Titi,1
Duy Khánh,Lee Kwang Soo,1
Duy Khánh,Hoàng Hà,1
Duy Khánh,Cù Thị Trà,1
Cris Phan,MLee,1
Viết Liên,Chiều Xuân,1
Viết Liên,Băng Di,1
Viết Liên,Will,1
Viết Liên,Trần Lê Nam,1
Viết Liên,Trần Doãn Hoàng,1
Viết Liên,Bích Ngọc,1
Viết Liên,Thanh Hoa,1
Viết Liên,Thanh Bình,1
Viết Liên,Chiến Thắng,1
Viết Liên,Hoàng Hà,1
Viết Liên,Võ Điền Gia Huy,1
Viết Liên,Huỳnh Thanh Trực,1
Viết Liên,NSƯTChiều Xuân,1
Viết Liên,Ngọc Thư,1
Viết Liên,Nguyễn Hữu Tiến,1
Viết Liên,Nguyễn Phước Lộc,1
Viết Liên,Nghinh Lộc,1
Viết Liên,Lý Hồng Ân,1
Viết Liên,Vũ Đức Ngọc,1
Chiều Xuân,Băng Di,1
Chiều Xuân,Will,1
Chiều Xuân,Trần Lê Nam,1
Chiều Xuân,Trần Doãn Hoàng,1
Chiều Xuân,Bích Ngọc,1
Chiều Xuân,Thanh Hoa,1
Chiều Xuân,Thanh Bình,1
Chiều Xuân,Chiến Thắng,1
Chiều Xuân,SyNi Trang,1
Chiều Xuân,Thu Hương,1
Chiều Xuân,Mạnh Cường,1
Chiều Xuân,Quang Tèo,1
Chiều Xuân,Hải Anh,1
Chiều Xuân,Hoàng Kim Ngọc,1
Chiều Xuân,Phạm Tuấn Anh,1
Chiều Xuân,Trần Quang Minh,1
Chiều Xuân,Phú Thịnh,1
Chiều Xuân,Huỳnh Hạo Khang,1
Chiều Xuân,Bé An Bình,1
Chiều Xuân,Đình Khang,1
Chiều Xuân,Tín Nguyễn,1
Chiều Xuân,Bảo Ngọc,1
Chiều Xuân,Kim Phương,1
Chiều Xuân,Tuyết Thu,1
Chiều Xuân,Ngân Quỳnh,1
Chiều Xuân,Ngọc Tưởng,1
Chiều Xuân,Tiết Cương,1
Chiều Xuân,Đoàn Thế Vinh,1
Chiều Xuân,Hồng Thu,1
Chiều Xuân,Yuno BigBoi,1
Chiều Xuân,Rio Hạo Nhiên,1
Chiều Xuân,Hồ Đông Quan,1
Chiều Xuân,Cherry Hải My,1
Chiều Xuân,Lê Tuấn Khang,1
Băng Di,Will,1
Băng Di,Trần Lê Nam,1
Băng Di,Trần Doãn Hoàng,1
Băng Di,Bích Ngọc,1
Băng Di,Thanh Hoa,1
Băng Di,Thanh Bình,1
Băng Di,Chiến Thắng,1
Băng Di,Việt Hương,1
Băng Di,Hồng Đào,1
Băng Di,Lê Khánh,1
Băng Di,Tuấn Khải,1
Băng Di,Lâm Thanh Mỹ,1
Will,Trần Lê Nam,1
Will,Trần Doãn Hoàng,1
Will,Bích Ngọc,1
Will,Thanh Hoa,1
Will,Thanh Bình,1
Will,Chiến Thắng,1
Trần Lê Nam,Trần Doãn Hoàng,1
Trần Lê Nam,Bích Ngọc,1
Trần Lê Nam,Thanh Hoa,1
Trần Lê Nam,Thanh Bình,1
Trần Lê Nam,Chiến Thắng,1
Trần Doãn Hoàng,Bích Ngọc,1
Trần Doãn Hoàng,Thanh Hoa,1
Trần Doãn Hoàng,Thanh Bình,1
Trần Doãn Hoàng,Chiến Thắng,1
Bích Ngọc,Thanh Hoa,1
Bích Ngọc,Thanh Bình,1
Bích Ngọc,Chiến Thắng,1
Bích Ngọc,Ramani Raja,1
Bích Ngọc,Gia Bảo,1
Bích Ngọc,Lương Gia Huy,1
Bích Ngọc,Thái Trà My,1
Bích Ngọc,Dũng Bino,1
Thanh Hoa,Thanh Bình,1
Thanh Hoa,Chiến Thắng,1
Thanh Bình,Chiến Thắng,1
Chiến Thắng,Như Quỳnh,1
Chiến Thắng,Quang Tèo,1
Chiến Thắng,Hồ Phong,1
Chiến Thắng,Đới Anh Quân,1
Chiến Thắng,Tú Oanh,1
Chiến Thắng,Quách Thu Phương,1
Chiến Thắng,Thanh Hương,1
Chiến Thắng,Quang Lâm,1
Chiến Thắng,Mai Long,1
Chiến Thắng,Quyên Qui,1
Chiến Thắng,Quang Thuận,1
Ngô Kiến Huy,Jessica Hoàng Anh,1
Ngô Kiến Huy,Maya,1
Ngô Kiến Huy,Hoàng Phi,1
Ngô Kiến Huy,Nguyễn Thùy Anh,1
Ngô Kiến Huy,Đại Nghĩa,1
Ngô Kiến Huy,Thanh Hương,1
Ngô Kiến Huy,Hoàng Mèo,1
Ngô Kiến Huy,Phan Vũ,1
Jessica Hoàng Anh,Maya,1
Jessica Hoàng Anh,Hoàng Phi,1
Maya,Hoàng Phi,1
Maya,Mai Thu Huyền,1
Maya,Quốc Cường,1
Maya,Danh ca Nhật Hạ,1
Maya,Trizzie Phương Trinh,1
Maya,Baggio Saetti,1
Maya,Đức Tiến,1
Maya,Nguyễn Anh Dũng,1
Maya,Jacqueline Thu Thảo,1
Hoàng Phi,Quang Minh,1
Hoàng Phi,Hoài Linh,1
Hoàng Phi,Diệp Bảo Ngọc,1
Hoàng Phi,Lê Giang,1
Hoàng Phi,Tín Nguyễn,1
Hoàng Phi,Trần Kim Hải,1
Hoàng Phi,Thành Hội,1
Hoàng Phi,Samuel An,1
Hoàng Phi,Ái Như,1
Hoàng Dũng,Khương Lê,1
Hoàng Dũng,Mr Kim,1
Hoàng Dũng,Yu ChU,1
Hoàng Dũng,Sam Sony,1
Hoàng Dũng,Bảo Uyên,1
Hoàng Dũng,Tuệ Minh,1
Hoàng Dũng,Thùy Trang,1
Hoàng Dũng,Ái Vân,1
Hoàng Dũng,Anna Linh,1
Hoàng Dũng,Hoàng Sơn,1
Khương Lê,Võ Tấn Phát,1
Khương Lê,Ma Ran Đô,1
Trấn Thành,Tuần Trần,1
Trấn Thành,Lê Giang,3
Trấn Thành,Hoàng Mèo,1
Trấn Thành,Lan Phương,1
Trấn Thành,Lê Trang,1
Trấn Thành,Quốc Khánh,2
Trấn Thành,Lê Dương Bảo Lâm,2
Trấn Thành,Song Luân,1
Trấn Thành,Huỳnh Uyển Ân,1
Trấn Thành,Mai Tài Phến,1
Trấn Thành,Uyển Ân,2
Trấn Thành,Hồng Đào,1
Trấn Thành,Anh Phạm,1
Trấn Thành,Thanh Hằng,1
Trấn Thành,Anh Đức,1
Trấn Thành,Trần Tiểu Vy,1
Trấn Thành,Kỳ Duyên,1
Tuần Trần,Lê Giang,1
Tuần Trần,Hoàng Mèo,1
Tuần Trần,Lan Phương,1
Tuần Trần,Lê Trang,1
Tuần Trần,Quốc Khánh,1
Lê Giang,Hoàng Mèo,1
Lê Giang,Lan Phương,1
Lê Giang,Lê Trang,2
Lê Giang,Quốc Khánh,2
Lê Giang,Đại Nghĩa,1
Lê Giang,Hoài Linh,2
Lê Giang,Võ Đăng Khoa,1
Lê Giang,Nguyễn Anh Tú,1
Lê Giang,Lê Dương Bảo Lâm,2
Lê Giang,Song Luân,1
Lê Giang,Huỳnh Uyển Ân,1
Lê Giang,Minh Hằng,1
Lê Giang,Ngọc Trinh,1
Lê Giang,Kim Phương,1
Lê Giang,Ngọc Nga,1
Lê Giang,Cao Thiên Trang,1
Lê Giang,Trà Ngọc,1
Lê Giang,Anh Tú Atus,1
Lê Giang,Diệu Nhi,1
Lê Giang,Ngọc Phước,1
Lê Giang,Quang Minh,1
Lê Giang,Diệp Bảo Ngọc,1
Lê Giang,Samuel An,1
Lê Giang,Quỳnh Lương,1
Lê Giang,Uyển Ân,2
Lê Giang,Huy Anh,1
Lê Giang,Minh Thảo,1
Lê Giang,Trần Tiểu Vy,1
Lê Giang,Kỳ Duyên,1
Hoàng Mèo,Lan Phương,1
Hoàng Mèo,Lê Trang,1
Hoàng Mèo,Quốc Khánh,1
Hoàng Mèo,Đại Nghĩa,1
Hoàng Mèo,Thanh Hương,1
Hoàng Mèo,Phan Vũ,1
Hoàng Mèo,Đoàn Thế Vinh,1
Hoàng Mèo,Trần Nghĩa,1
Hoàng Mèo,Huỳnh Phương,1
Hoàng Mèo,Hữu Trọng,1
Hoàng Mèo,Quốc Cường,1
Hoàng Mèo,Mai Sơn Lâm,1
Hoàng Mèo,Ngọc Tưởng,1
Hoàng Mèo,Hà Linh,1
Lan Phương,Lê Trang,1
Lan Phương,Quốc Khánh,1
Lê Trang,Quốc Khánh,1
Lê Trang,Minh Hằng,1
Lê Trang,Ngọc Trinh,1
Lê Trang,Kim Phương,1
Lê Trang,Ngọc Nga,1
Lê Trang,Cao Thiên Trang,1
Lê Trang,Trà Ngọc,1
Lê Trang,Lê Phương,1
Lê Trang,Quốc Huy,1
Lê Trang,Nhật Kim Anh,1
Quốc Khánh,Uyển Ân,1
Quốc Khánh,Hồng Đào,2
Quốc Khánh,Anh Phạm,1
Quốc Khánh,Thanh Hằng,1
Quốc Khánh,Anh Đức,1
Quốc Khánh,Anh Tú Atus,1
Quốc Khánh,Diệu Nhi,1
Quốc Khánh,Ngọc Phước,1
Quốc Khánh,Rocker Nguyen,1
Quốc Khánh,Naomi,1
Quốc Khánh,Ceri,1
Quốc Khánh,Nguyễn Lâm Thảo Tâm,1
Quốc Khánh,Jung ll-woo,1
Quốc Khánh,Juliet Bảo Ngọc,1
Quốc Khánh,Lâm Vỹ Dạ,1
Quốc Khánh,Vinh Râu,1
Quốc Khánh,Kiều Oanh,1
Quốc Khánh,Mai Cát Vi,1
Quốc Khánh,Huỳnh Hạo Khang,1
Võ Thành Tâm,Ốc Thanh Vân,1
Võ Thành Tâm,Huỳnh Đông,1
Võ Thành Tâm,Lê Hạ Anh,1
Võ Thành Tâm,Bé Bảo Thy,1
Võ Thành Tâm,Tiết Cương,1
Võ Thành Tâm,Huỳnh ChillHuyn,1
Ốc Thanh Vân,Huỳnh Đông,3
Ốc Thanh Vân,Lê Hạ Anh,1
Ốc Thanh Vân,Bé Bảo Thy,1
Ốc Thanh Vân,Tiết Cương,1
Ốc Thanh Vân,Huỳnh ChillHuyn,1
Ốc Thanh Vân,Lê Lộc,1
Ốc Thanh Vân,Trần Phong,2
Ốc Thanh Vân,Xuân Nghị,1
Huỳnh Đông,Lê Hạ Anh,1
Huỳnh Đông,Bé Bảo Thy,1
Huỳnh Đông,Tiết Cương,1
Huỳnh Đông,Huỳnh ChillHuyn,1
Huỳnh Đông,Nhã Uyên,1
Huỳnh Đông,Kiến An,1
Huỳnh Đông,Phương Dung,1
Huỳnh Đông,Xuân Trang,1
Huỳnh Đông,Lê Lộc,1
Huỳnh Đông,Trần Phong,2
Huỳnh Đông,Xuân Nghị,1
Huỳnh Đông,Huỳnh Lập,1
Huỳnh Đông,Phương Mỹ Chi,1
Huỳnh Đông,Đào Anh Tuấn,1
Huỳnh Đông,Thanh Hằng,1
Huỳnh Đông,Vân Trang,1
Huỳnh Đông,Hoàng Kim Ngọc,1
Huỳnh Đông,Lan Thy,1
Huỳnh Đông,Lâm Thanh Nhã,1
Lê Hạ Anh,Bé Bảo Thy,1
Lê Hạ Anh,Tiết Cương,1
Lê Hạ Anh,Huỳnh ChillHuyn,1
Bé Bảo Thy,Tiết Cương,1
Bé Bảo Thy,Huỳnh ChillHuyn,1
Tiết Cương,Huỳnh ChillHuyn,1
Tiết Cương,Tín Nguyễn,1
Tiết Cương,Bảo Ngọc,1
Tiết Cương,Kim Phương,1
Tiết Cương,Tuyết Thu,1
Tiết Cương,Ngân Quỳnh,1
Tiết Cương,Ngọc Tưởng,1
Tiết Cương,Đoàn Thế Vinh,1
Tiết Cương,Hồng Thu,1
Tiết Cương,Yuno BigBoi,1
Tiết Cương,Rio Hạo Nhiên,1
Tiết Cương,Hồ Đông Quan,1
Tiết Cương,Cherry Hải My,1
Tiết Cương,Lê Tuấn Khang,1
Trúc Anh,Salim,1
Trúc Anh,Amee,1
Trúc Anh,Samuel An,1
Salim,Amee,1
Salim,Samuel An,1
Amee,Samuel An,1
Samuel An,Quỳnh Lương,1
Samuel An,Uyển Ân,1
Samuel An,Huy Anh,1
Samuel An,Minh Thảo,1
Samuel An,Nguyễn Thúc Thùy Tiên,1
Samuel An,Hồng Đào,1
Samuel An,Đoàn Minh Tài,1
Samuel An,Lê Văn Anh,1
Samuel An,Bảo Duy,1
Samuel An,Ngân Thảo,1
Samuel An,Thiên An,1
Samuel An,Tín Nguyễn,1
Samuel An,Trần Kim Hải,1
Samuel An,Thành Hội,1
Samuel An,Ái Như,1
Samuel An,Trương Ngọc Ánh,1
Samuel An,Tiến Phạm,1
Samuel An,Uy Nhân,1
Samuel An,Trần Thanh Tùng,1
Samuel An,Lan Thy,1
Samuel An,Hiếu Hiền,1
Samuel An,Trịnh Tú Trung,1
Samuel An,Hải Anh,1
Samuel An,Bảo Khương,1
Samuel An,Lê Anh Huy,1
Huỳnh Thanh Trực,Trần Phong,1
Huỳnh Thanh Trực,Thùy Anh,1
Huỳnh Thanh Trực,Thùy Dương,1
Huỳnh Thanh Trực,Lê Quang Vinh,1
Huỳnh Thanh Trực,Nguyễn Phước Lộc,2
Huỳnh Thanh Trực,Mạc Can,1
Huỳnh Thanh Trực,Vân Trang,1
Huỳnh Thanh Trực,Hữu Tiến,1
Huỳnh Thanh Trực,Huỳnh Như,1
Huỳnh Thanh Trực,Đan,1
Huỳnh Thanh Trực,Trịnh Tài,1
Huỳnh Thanh Trực,Lê Bê La,1
Huỳnh Thanh Trực,Hoàng Hà,1
Huỳnh Thanh Trực,Võ Điền Gia Huy,1
Huỳnh Thanh Trực,NSƯTChiều Xuân,1
Huỳnh Thanh Trực,Ngọc Thư,1
Huỳnh Thanh Trực,Nguyễn Hữu Tiến,1
Huỳnh Thanh Trực,Nghinh Lộc,1
Huỳnh Thanh Trực,Lý Hồng Ân,1
Huỳnh Thanh Trực,Vũ Đức Ngọc,1
Trần Phong,Thùy Anh,1
Trần Phong,Thùy Dương,1
Trần Phong,Lê Quang Vinh,1
Trần Phong,Nguyễn Phước Lộc,1
Trần Phong,Lê Lộc,1
Trần Phong,Sam,1
Trần Phong,Trần Tiểu Vy,1
Trần Phong,Phương Lan,1
Trần Phong,Trần Nghĩa,1
Trần Phong,Minh Dự,1
Trần Phong,Xuân Nghị,1
Trần Phong,Huỳnh Tú Uyên,1
Trần Phong,Hoa Thảo,1
Trần Phong,Trần Vân Anh,1
Trần Phong,Nam Nam,1
Trần Phong,Vương Thanh Tùng,1
Trần Phong,Hồ Quang,1
Trần Phong,Thanh Nam,1
Trần Phong,A Tới (VSlifff),1
Trần Phong,Huỳnh Mai Cát Tiên,1
Trần Phong,Trần Kim Hải,1
Trần Phong,Bích Hằng,1
Trần Phong,Phạm Nhật Linh,1
Trần Phong,Nguyễn Sĩ Hậu,1
Thùy Anh,Thùy Dương,1
Thùy Anh,Lê Quang Vinh,1
Thùy Anh,Nguyễn Phước Lộc,1
Thùy Anh,Quách Ngọc Ngoan,1
Thùy Anh,Sĩ Toàn,1
Thùy Anh,Tuyết Thu,1
Thùy Anh,Ngọc Tưởng,1
Thùy Anh,Á Hậu Minh Kiên,1
Thùy Dương,Lê Quang Vinh,1
Thùy Dương,Nguyễn Phước Lộc,1
Lê Quang Vinh,Nguyễn Phước Lộc,1
Nguyễn Phước Lộc,Hoàng Hà,1
Nguyễn Phước Lộc,Võ Điền Gia Huy,1
Nguyễn Phước Lộc,NSƯTChiều Xuân,1
Nguyễn Phước Lộc,Ngọc Thư,1
Nguyễn Phước Lộc,Nguyễn Hữu Tiến,1
Nguyễn Phước Lộc,Nghinh Lộc,1
Nguyễn Phước Lộc,Lý Hồng Ân,1
Nguyễn Phước Lộc,Vũ Đức Ngọc,1
Nguyễn Phước Lộc,Thúy Diễm,1
Nguyễn Phước Lộc,Lâm Thanh Mỹ,1
Nguyễn Phước Lộc,Rima Thanh Vy,1
Nguyễn Phước Lộc,Quốc Cường,1
Nguyễn Phước Lộc,Doãn Hoàng,1
Nguyễn Phước Lộc,Trần Thiên Tú,1
Nguyễn Phước Lộc,SyNi Trang,1
Nguyễn Phước Lộc,Hải Nam,1
Hữu Khang,Neko Bảo Tiên,1
Hữu Khang,NSƯTTrung Anh,1
Hữu Khang,Hiếu Hiền,1
Neko Bảo Tiên,NSƯTTrung Anh,1
Neko Bảo Tiên,Hiếu Hiền,1
NSƯTTrung Anh,Hiếu Hiền,1
Hiếu Hiền,Ngọc Ánh,1
Hiếu Hiền,Hoàng Anh Duy,1
Hiếu Hiền,Mỹ Duyên,1
Hiếu Hiền,Trương Minh Cường,1
Hiếu Hiền,Lộ Lộ,1
Hiếu Hiền,Tiểu Bảo Quốc,1
Hiếu Hiền,Lê Quốc Nam,1
Hiếu Hiền,Miss Thy,1
Hiếu Hiền,Dustin Nguyễn,1
Hiếu Hiền,Đinh Y Nhung,1
Hiếu Hiền,Trương Ngọc Ánh,1
Hiếu Hiền,Tiến Phạm,1
Hiếu Hiền,Uy Nhân,1
Hiếu Hiền,Trần Thanh Tùng,1
Hiếu Hiền,Lan Thy,1
Hiếu Hiền,Trịnh Tú Trung,1
Hiếu Hiền,Hải Anh,1
Hiếu Hiền,Bảo Khương,1
Hiếu Hiền,Lê Anh Huy,1
Bùi Anh Tú,NSNDKim Xuân,1
Bùi Anh Tú,Thiên An,1
Bùi Anh Tú,Quỳnh Lương,1
Bùi Anh Tú,Bảo Anh,1
Bùi Anh Tú,Lê Tam Triều Dâng,1
Bùi Anh Tú,Nhật Trung,1
Bùi Anh Tú,Ngọc Phước,1
NSNDKim Xuân,Việt Hương,1
NSNDKim Xuân,Hữu Tín,1
NSNDKim Xuân,Nam Em,1
NSNDKim Xuân,Hữu Tài,1
NSNDKim Xuân,Dược Sĩ Tiến,1
Nhã Phương,Diễm My,1
Việt Hương,Hữu Tín,1
Việt Hương,Nam Em,1
Việt Hương,Dạ Chúc,1
Việt Hương,Thành Lộc,1
Việt Hương,Diệu Đức,1
Việt Hương,Cẩm Ly,1
Việt Hương,Minh Khang,1
Việt Hương,Hồng Đào,2
Việt Hương,Trung Dũng,1
Việt Hương,Lê Khánh,2
Việt Hương,Tuấn Khải,2
Việt Hương,Ngọc Trinh,1
Việt Hương,Khương Ngọc,1
Việt Hương,Đinh Y Nhung,1
Việt Hương,Lâm Thanh Mỹ,1
Hữu Tín,Nam Em,1
Thiên An,Quỳnh Lương,1
Thiên An,Bảo Anh,1
Thiên An,Lê Tam Triều Dâng,1
Thiên An,Nguyễn Thúc Thùy Tiên,1
Thiên An,Hồng Đào,1
Thiên An,Đoàn Minh Tài,1
Thiên An,Lê Văn Anh,1
Thiên An,Bảo Duy,1
Thiên An,Ngân Thảo,1
Thiên An,Rima Thanh Vy,1
Thiên An,Lâm Thanh Nhã,1
Thiên An,Avin Lu,1
Thiên An,Kim Hải,1
Quỳnh Lương,Bảo Anh,1
Quỳnh Lương,Lê Tam Triều Dâng,1
Quỳnh Lương,Uyển Ân,1
Quỳnh Lương,Huy Anh,1
Quỳnh Lương,Minh Thảo,1
Bảo Anh,Lê Tam Triều Dâng,1
Bảo Anh,Minh Hằng,1
Bảo Anh,Diệu Nhi,1
Bảo Anh,Thuận Nguyễn,1
Bảo Anh,Trương Thị May,1
Bảo Anh,Nhất Duy,1
Bảo Anh,Đức Hải,1
Bảo Anh,Ngọc Trai,1
Minh Hằng,Diệu Nhi,1
Minh Hằng,Thuận Nguyễn,1
Minh Hằng,Ngọc Trinh,1
Minh Hằng,Kim Phương,1
Minh Hằng,Ngọc Nga,1
Minh Hằng,Cao Thiên Trang,1
Minh Hằng,Trà Ngọc,1
Diệu Nhi,Thuận Nguyễn,1
Diệu Nhi,Mai Cát Vi,1
Diệu Nhi,Lâm Thanh Mỹ,1
Diệu Nhi,Thúy Ngân,1
Diệu Nhi,Xuân Nghị,1
Diệu Nhi,Anh Tú Atus,1
Diệu Nhi,Ngọc Phước,1
Thuận Nguyễn,Quang Minh,1
Thuận Nguyễn,Phương Titi,1
Thuận Nguyễn,Rima Thanh Vy,1
Thuận Nguyễn,Tóc Tiên,1
Thuận Nguyễn,Song Luân,1
Thuận Nguyễn,Đồng Ánh Quỳnh,1
Thuận Nguyễn,Quang Thắng,1
Thuận Nguyễn,Kim Oanh,1
Thuận Nguyễn,Đinh Ngọc Diệp,1
Thuận Nguyễn,Anh Dũng,1
Thuận Nguyễn,Quốc Huy,1
Thuận Nguyễn,Henry Nguyễn,1
Thuận Nguyễn,Quốc Cường,1
Thuận Nguyễn,Huỳnh Anh Tuấn,1
Thuận Nguyễn,Cát Hạ,1
Thuận Nguyễn,Lê Khánh,1
Thuận Nguyễn,Uyển Ân,1
Thuận Nguyễn,Hoài Linh,1
Thuận Nguyễn,Tạ Minh Tâm,1
Thuận Nguyễn,Đinh Y Nhung,1
Thuận Nguyễn,Thanh Thức,1
Thuận Nguyễn,Tạ Lâm,1
Thuận Nguyễn,Phương Lan,1
Thuận Nguyễn,Quang Sơn,1
Mạc Can,Vân Trang,1
Mạc Can,Hữu Tiến,1
Mạc Can,Huỳnh Như,1
Mạc Can,Đan,1
Mạc Can,Trịnh Tài,1
Mạc Can,Lê Bê La,1
Vân Trang,Hữu Tiến,1
Vân Trang,Huỳnh Như,1
Vân Trang,Đan,1
Vân Trang,Trịnh Tài,1
Vân Trang,Lê Bê La,1
Vân Trang,Bảo Thi,1
Vân Trang,Huỳnh Phương,1
Vân Trang,Thanh Hằng,1
Vân Trang,Hoàng Kim Ngọc,1
Vân Trang,Lan Thy,1
Vân Trang,Lâm Thanh Nhã,1
Hữu Tiến,Huỳnh Như,1
Hữu Tiến,Đan,1
Hữu Tiến,Trịnh Tài,1
Hữu Tiến,Lê Bê La,1
Huỳnh Như,Đan,1
Huỳnh Như,Trịnh Tài,1
Huỳnh Như,Lê Bê La,1
Đan,Trịnh Tài,1
Đan,Lê Bê La,1
Trịnh Tài,Lê Bê La,1
Quang Sự,Phạm Quỳnh Anh,1
Quang Sự,Quốc Cường,1
Quang Sự,Hồng Ân,1
Phạm Quỳnh Anh,Quốc Cường,1
Phạm Quỳnh Anh,Hồng Ân,1
Quốc Cường,Hồng Ân,1
Quốc Cường,Ribi Sachi,1
Quốc Cường,Trương Minh Thảo,1
Quốc Cường,Sella Trương,1
Quốc Cường,Trung Dũng,1
Quốc Cường,Huy Khánh,1
Quốc Cường,Thanh Thức,1
Quốc Cường,Tạ Lâm,1
Quốc Cường,Huỳnh Thi,1
Quốc Cường,Diệp Bảo Ngọc,1
Quốc Cường,Mai Thu Huyền,1
Quốc Cường,Danh ca Nhật Hạ,1
Quốc Cường,Trizzie Phương Trinh,1
Quốc Cường,Baggio Saetti,1
Quốc Cường,Đức Tiến,1
Quốc Cường,Nguyễn Anh Dũng,1
Quốc Cường,Jacqueline Thu Thảo,1
Quốc Cường,Thúy Diễm,1
Quốc Cường,Lâm Thanh Mỹ,1
Quốc Cường,Rima Thanh Vy,1
Quốc Cường,Doãn Hoàng,1
Quốc Cường,Trần Thiên Tú,1
Quốc Cường,SyNi Trang,1
Quốc Cường,Hải Nam,1
Quốc Cường,Henry Nguyễn,1
Quốc Cường,Huỳnh Anh Tuấn,1
Quốc Cường,Cát Hạ,1
Quốc Cường,Quốc Huy,1
Quốc Cường,Đinh Ngọc Diệp,1
Quốc Cường,Đoàn Minh Anh,1
Quốc Cường,Anh Phạm,1
Quốc Cường,Mỹ Uyên,1
Quốc Cường,Xuân Trang,1
Quốc Cường,Quốc Tân,1
Quốc Cường,Sỹ Toàn,1
Quốc Cường,Võ Điền Gia Huy,1
Quốc Cường,Lý Hạo Mạnh Quỳnh,1
Quốc Cường,Hoàng Hà,1
Quốc Cường,Avin Lu,1
Quốc Cường,Đinh Y Nhung,1
Quốc Cường,Kiều Anh,1
Quốc Cường,Đoàn Thế Vinh,1
Quốc Cường,Trần Nghĩa,1
Quốc Cường,Huỳnh Phương,1
Quốc Cường,Hữu Trọng,1
Quốc Cường,Mai Sơn Lâm,1
Quốc Cường,Ngọc Tưởng,1
Quốc Cường,Hà Linh,1
Mai Cát Vi,Lâm Thanh Mỹ,1
Mai Cát Vi,Đào Bá Sơn,1
Mai Cát Vi,Đức Khuê,1
Mai Cát Vi,Kiều Oanh,1
Mai Cát Vi,Huỳnh Hạo Khang,1
Lâm Thanh Mỹ,Thúy Diễm,1
Lâm Thanh Mỹ,Rima Thanh Vy,1
Lâm Thanh Mỹ,Doãn Hoàng,1
Lâm Thanh Mỹ,Trần Thiên Tú,1
Lâm Thanh Mỹ,SyNi Trang,1
Lâm Thanh Mỹ,Hải Nam,1
Lâm Thanh Mỹ,Trung Anh,1
Lâm Thanh Mỹ,Lãnh Thanh,1
Lâm Thanh Mỹ,Hữu Vi,1
Lâm Thanh Mỹ,Trà My,1
Lâm Thanh Mỹ,Tuyết Anh,1
Lâm Thanh Mỹ,Hồng Đào,1
Lâm Thanh Mỹ,Lê Khánh,1
Lâm Thanh Mỹ,Tuấn Khải,1
Đại Nghĩa,Hoài Linh,1
Đại Nghĩa,Võ Đăng Khoa,1
Đại Nghĩa,Nguyễn Anh Tú,1
Đại Nghĩa,Hùng Anh,1
Đại Nghĩa,Nhật Linh,1
Đại Nghĩa,Phương Duyên,1
Đại Nghĩa,Ngọc Trai,1
Đại Nghĩa,Vũ Long,1
Đại Nghĩa,Anh Đào,1
Đại Nghĩa,Lâm Vỹ Dạ,1
Đại Nghĩa,Hứa Minh Đạt,1
Đại Nghĩa,Trương Thế Vinh,1
Đại Nghĩa,Lê Lộc,1
Đại Nghĩa,Thành Lộc,1
Đại Nghĩa,Bạch Công Khanh,1
Đại Nghĩa,Tuấn Dũng,1
Đại Nghĩa,Minh Hoàng,1
Đại Nghĩa,Lan Thy,1
Đại Nghĩa,Thanh Hương,1
Đại Nghĩa,Phan Vũ,1
Hoài Linh,Võ Đăng Khoa,1
Hoài Linh,Nguyễn Anh Tú,1
Hoài Linh,Quang Minh,1
Hoài Linh,Diệp Bảo Ngọc,2
Hoài Linh,Ngọc Xuân,1
Hoài Linh,Thanh Thức,2
Hoài Linh,Võ Tấn Phát,1
Hoài Linh,Hứa Minh Đạt,1
Hoài Linh,Lê Khánh,1
Hoài Linh,Uyển Ân,1
Hoài Linh,Tạ Minh Tâm,1
Hoài Linh,Đinh Y Nhung,1
Hoài Linh,Tạ Lâm,1
Hoài Linh,Phương Lan,1
Hoài Linh,Quang Sơn,1
Võ Đăng Khoa,Nguyễn Anh Tú,1
Nhã Uyên,Kiến An,1
Nhã Uyên,Phương Dung,1
Nhã Uyên,Xuân Trang,1
Kiến An,Phương Dung,1
Kiến An,Xuân Trang,1
Kiến An,Mie,1
Kiến An,Vân Dung,1
Kiến An,Quốc Quân,1
Kiến An,Đào Anh Tuấn,1
Kiến An,Nam Thư,1
Kiến An,Trương Ngọc Ánh,1
Kiến An,Trần Bảo Sơn,1
Phương Dung,Xuân Trang,1
Xuân Trang,Quốc Huy,1
Xuân Trang,Đinh Ngọc Diệp,1
Xuân Trang,Đoàn Minh Anh,1
Xuân Trang,Anh Phạm,1
Xuân Trang,Mỹ Uyên,1
Xuân Trang,Quốc Tân,1
Xuân Trang,Sỹ Toàn,1
Xuân Trang,Võ Điền Gia Huy,1
Quang Minh,Phương Titi,1
Quang Minh,Xuân Lan,1
Quang Minh,Lâm Thanh Nhã,1
Quang Minh,Uyển Ân,1
Quang Minh,Diệp Bảo Ngọc,1
Nanon Korapat,Minh Beta,1
Nanon Korapat,Trúc Anh Burin,1
Nanon Korapat,Thiên Nga,1
Minh Beta,Trúc Anh Burin,1
Minh Beta,Thiên Nga,1
Trúc Anh Burin,Thiên Nga,1
Ribi Sachi,Trương Minh Thảo,1
Ribi Sachi,Sella Trương,1
Trương Minh Thảo,Sella Trương,1
Huỳnh Phương,Vinh Râu,2
Huỳnh Phương,Bảo Thi,1
Huỳnh Phương,Đoàn Thế Vinh,1
Huỳnh Phương,Trần Nghĩa,1
Huỳnh Phương,Hữu Trọng,1
Huỳnh Phương,Mai Sơn Lâm,1
Huỳnh Phương,Ngọc Tưởng,1
Huỳnh Phương,Hà Linh,1
Vinh Râu,Hồng Đào,1
Vinh Râu,Jung ll-woo,1
Vinh Râu,Juliet Bảo Ngọc,1
Vinh Râu,Lâm Vỹ Dạ,1
Ngọc Tưởng,Trường Phú,1
Ngọc Tưởng,Chu Diệp Anh,1
Ngọc Tưởng,Tín Nguyễn,1
Ngọc Tưởng,Bảo Ngọc,1
Ngọc Tưởng,Kim Phương,1
Ngọc Tưởng,Tuyết Thu,2
Ngọc Tưởng,Ngân Quỳnh,1
Ngọc Tưởng,Đoàn Thế Vinh,2
Ngọc Tưởng,Hồng Thu,1
Ngọc Tưởng,Yuno BigBoi,1
Ngọc Tưởng,Rio Hạo Nhiên,1
Ngọc Tưởng,Hồ Đông Quan,1
Ngọc Tưởng,Cherry Hải My,1
Ngọc Tưởng,Lê Tuấn Khang,1
Ngọc Tưởng,Trần Nghĩa,1
Ngọc Tưởng,Hữu Trọng,1
Ngọc Tưởng,Mai Sơn Lâm,1
Ngọc Tưởng,Hà Linh,1
Ngọc Tưởng,Quách Ngọc Ngoan,1
Ngọc Tưởng,Sĩ Toàn,1
Ngọc Tưởng,Á Hậu Minh Kiên,1
Trường Phú,Chu Diệp Anh,1
H'Hen Niê,Trương Ngọc Tình,1
H'Hen Niê,Hà Văn Hiếu,1
H'Hen Niê,Phạm Anh Tuấn,1
Trương Ngọc Tình,Hà Văn Hiếu,1
Trương Ngọc Tình,Phạm Anh Tuấn,1
Hà Văn Hiếu,Phạm Anh Tuấn,1
Trần Lực,Avin Lu,1
Trần Lực,Lan Thy,1
Trần Lực,Hoàng Hà,1
Trần Lực,Bùi Lan Hương,1
Trần Lực,Cao Thị Thùy Linh,1
Trần Lực,Tuấn Hưng,1
Trần Lực,Thiện Hùng,1
Trần Lực,Trung Hiếu,1
Trần Lực,Anh Tuấn,1
Trần Lực,Nguyệt Hằng,1
Trần Lực,Xuân Hồng,1
Trần Lực,Văn Lượng,1
Trần Lực,Phạm Minh Quang,1
Trần Lực,Tùng Lee,1
Trần Lực,Hải Quân,1
Trần Lực,Tiến Lợi,1
Trần Lực,Ngọc Ánh,1
Trần Lực,Thùy Trang,1
Trần Lực,Bùi Hải Vy,1
Trần Lực,Nguyễn Diệu Thúy,1
Trần Lực,Thân Thúy Hà,1
Trần Lực,Trọng Hải,1
Trần Lực,Hòa Minzy,1
Trần Lực,Thúy Hà,1
Trần Lực,Đỗ Nhật Hoàng,1
Trần Lực,Phương Nam,1
Trần Lực,Lâm Thanh Nhã,1
Trần Lực,Nguyễn Thanh Vân,1
Trần Lực,Đình Khang,1
Trần Lực,Nguyễn Hùng,1
Trần Lực,Steven Nguyễn,1
Trần Lực,Hoàng Long,1
Trần Lực,Hạ Anh,1
Avin Lu,Lan Thy,1
Avin Lu,Hoàng Hà,2
Avin Lu,Bùi Lan Hương,1
Avin Lu,Lý Hạo Mạnh Quỳnh,1
Avin Lu,Đinh Y Nhung,1
Avin Lu,Kiều Anh,1
Avin Lu,Rima Thanh Vy,1
Avin Lu,Lâm Thanh Nhã,1
Avin Lu,Kim Hải,1
Lan Thy,Hoàng Hà,1
Lan Thy,Bùi Lan Hương,1
Lan Thy,Bạch Công Khanh,1
Lan Thy,Tuấn Dũng,1
Lan Thy,Minh Hoàng,1
Lan Thy,Thanh Hằng,1
Lan Thy,Hoàng Kim Ngọc,1
Lan Thy,Lâm Thanh Nhã,1
Lan Thy,Trương Ngọc Ánh,1
Lan Thy,Tiến Phạm,1
Lan Thy,Uy Nhân,1
Lan Thy,Trần Thanh Tùng,1
Lan Thy,Trịnh Tú Trung,1
Lan Thy,Hải Anh,1
Lan Thy,Bảo Khương,1
Lan Thy,Lê Anh Huy,1
Hoàng Hà,Bùi Lan Hương,1
Hoàng Hà,Võ Điền Gia Huy,1
Hoàng Hà,NSƯTChiều Xuân,1
Hoàng Hà,Ngọc Thư,1
Hoàng Hà,Nguyễn Hữu Tiến,1
Hoàng Hà,Nghinh Lộc,1
Hoàng Hà,Lý Hồng Ân,1
Hoàng Hà,Vũ Đức Ngọc,1
Hoàng Hà,Lý Hạo Mạnh Quỳnh,1
Hoàng Hà,Đinh Y Nhung,1
Hoàng Hà,Kiều Anh,1
Hoàng Hà,Lee Kwang Soo,1
Hoàng Hà,Cù Thị Trà,1
Trương Thị May,Nhất Duy,1
Trương Thị May,Đức Hải,1
Trương Thị May,Ngọc Trai,1
Nhất Duy,Đức Hải,1
Nhất Duy,Ngọc Trai,1
Đức Hải,Ngọc Trai,1
Ngọc Trai,Hùng Anh,1
Ngọc Trai,Nhật Linh,1
Ngọc Trai,Phương Duyên,1
Ngọc Trai,Vũ Long,1
Ngọc Trai,Anh Đào,1
Ngọc Trai,Lâm Vỹ Dạ,1
Ngọc Trai,Hứa Minh Đạt,1
Ngọc Trai,Trương Thế Vinh,1
Ngọc Trai,Lê Lộc,1
Ngọc Trai,Thành Lộc,1
August Vachiravit,Ngọc Lan Vy,1
Ngọc Trinh,Kim Phương,1
Ngọc Trinh,Ngọc Nga,1
Ngọc Trinh,Cao Thiên Trang,1
Ngọc Trinh,Trà Ngọc,1
Ngọc Trinh,Hồng Đào,1
Ngọc Trinh,Trung Dũng,1
Ngọc Trinh,Lê Khánh,1
Ngọc Trinh,Tuấn Khải,1
Ngọc Trinh,Khương Ngọc,1
Ngọc Trinh,Đinh Y Nhung,1
Lê Lộc,Hùng Anh,1
Lê Lộc,Nhật Linh,1
Lê Lộc,Phương Duyên,1
Lê Lộc,Vũ Long,1
Lê Lộc,Anh Đào,1
Lê Lộc,Lâm Vỹ Dạ,1
Lê Lộc,Hứa Minh Đạt,1
Lê Lộc,Trương Thế Vinh,1
Lê Lộc,Thành Lộc,1
Lê Lộc,Hồng Đào,1
Lê Lộc,Quyền Linh,1
Lê Lộc,Hoàng Linh,1
Nguyễn Thùy Anh,Phương Lan,1
Nguyễn Thùy Anh,Thoại Tiên,1
Chi Pu,Rima Thanh Vy,1
Chi Pu,Bình Minh,1
Chi Pu,Anh Thư,1
Rima Thanh Vy,Bình Minh,1
Rima Thanh Vy,Anh Thư,1
Rima Thanh Vy,Tóc Tiên,1
Rima Thanh Vy,Song Luân,1
Rima Thanh Vy,Đồng Ánh Quỳnh,1
Rima Thanh Vy,Thúy Diễm,1
Rima Thanh Vy,Doãn Hoàng,1
Rima Thanh Vy,Trần Thiên Tú,1
Rima Thanh Vy,SyNi Trang,1
Rima Thanh Vy,Hải Nam,2
Rima Thanh Vy,Anvi Lu,1
Rima Thanh Vy,Ngọc Xuân,1
Rima Thanh Vy,Đỗ Nhật Hoàng,1
Rima Thanh Vy,Huỳnh Hạo Khang,1
Rima Thanh Vy,Đỗ Kỳ Phong,1
Rima Thanh Vy,Xuân Nghị,1
Rima Thanh Vy,Tấn Thi,1
Rima Thanh Vy,Ngân Quỳnh,1
Rima Thanh Vy,JJ Krissanapoom,1
Rima Thanh Vy,Công Dương,1
Rima Thanh Vy,Lâm Thanh Nhã,1
Rima Thanh Vy,Kim Hải,1
Bình Minh,Anh Thư,1
Phương Lan,Thoại Tiên,1
Phương Lan,Sam,1
Phương Lan,Trần Tiểu Vy,1
Phương Lan,Trần Nghĩa,1
Phương Lan,Minh Dự,1
Phương Lan,Lê Khánh,1
Phương Lan,Uyển Ân,1
Phương Lan,Tạ Minh Tâm,1
Phương Lan,Đinh Y Nhung,1
Phương Lan,Thanh Thức,1
Phương Lan,Tạ Lâm,1
Phương Lan,Quang Sơn,1
Ramani Raja,Gia Bảo,1
Anh Tài,Sala Uyên Trinh,1
Anh Tài,Ngô Tiến Thành,1
Sala Uyên Trinh,Ngô Tiến Thành,1
Hữu Tài,Dược Sĩ Tiến,1
Sam,Trần Tiểu Vy,1
Sam,Trần Nghĩa,1
Sam,Minh Dự,1
Trần Tiểu Vy,Trần Nghĩa,1
Trần Tiểu Vy,Minh Dự,1
Trần Tiểu Vy,Lê Dương Bảo Lâm,1
Trần Tiểu Vy,Uyển Ân,1
Trần Tiểu Vy,Kỳ Duyên,1
Trần Nghĩa,Minh Dự,2
Trần Nghĩa,Khánh Vân,1
Trần Nghĩa,Công Dương,1
Trần Nghĩa,Thanh Nam,1
Trần Nghĩa,Đức Sơn,1
Trần Nghĩa,Đoàn Thế Vinh,1
Trần Nghĩa,Hữu Trọng,1
Trần Nghĩa,Mai Sơn Lâm,1
Trần Nghĩa,Hà Linh,1
Minh Dự,Khánh Vân,1
Minh Dự,Công Dương,1
Minh Dự,Thanh Nam,1
Minh Dự,Đức Sơn,1
Tóc Tiên,Song Luân,1
Tóc Tiên,Đồng Ánh Quỳnh,1
Song Luân,Đồng Ánh Quỳnh,1
Song Luân,Lê Dương Bảo Lâm,1
Song Luân,Huỳnh Uyển Ân,1
Song Luân,Đoàn Thiên Ân,1
Song Luân,Công Dương,1
Song Luân,Thành Lộc,1
Song Luân,Hứa Minh Đạt,1
Lê Dương Bảo Lâm,Huỳnh Uyển Ân,1
Lê Dương Bảo Lâm,Midu,1
Lê Dương Bảo Lâm,Phú Thịnh,1
Lê Dương Bảo Lâm,Lãnh Thanh,1
Lê Dương Bảo Lâm,Him Phạm,1
Lê Dương Bảo Lâm,Tiko Tiến Công,1
Lê Dương Bảo Lâm,Long Hoàng,1
Lê Dương Bảo Lâm,Uyển Ân,1
Lê Dương Bảo Lâm,Kỳ Duyên,1
Huỳnh Uyển Ân,Hoàng Sơn,1
Kim Phương,Ngọc Nga,1
Kim Phương,Cao Thiên Trang,1
Kim Phương,Trà Ngọc,1
Kim Phương,Tín Nguyễn,1
Kim Phương,Bảo Ngọc,1
Kim Phương,Tuyết Thu,1
Kim Phương,Ngân Quỳnh,1
Kim Phương,Đoàn Thế Vinh,1
Kim Phương,Hồng Thu,1
Kim Phương,Yuno BigBoi,1
Kim Phương,Rio Hạo Nhiên,1
Kim Phương,Hồ Đông Quan,1
Kim Phương,Cherry Hải My,1
Kim Phương,Lê Tuấn Khang,1
Kim Phương,Trâm Anh,1
Kim Phương,Kim Hải,1
Kim Phương,Tạ Lâm,1
Kim Phương,Mộc Trà,1
Ngọc Nga,Cao Thiên Trang,1
Ngọc Nga,Trà Ngọc,1
Cao Thiên Trang,Trà Ngọc,1
Lê Phương,Quốc Huy,1
Lê Phương,Nhật Kim Anh,1
Lê Phương,Kim Tử Long,1
Lê Phương,Lê Thiện,1
Lê Phương,Kim Huyền,1
Lê Phương,Cao Minh Đạt,1
Lê Phương,Bạch Công Khanh,1
Lê Phương,Bạch Long,1
Lê Phương,Chí Tâm,1
Quốc Huy,Nhật Kim Anh,1
Quốc Huy,Quang Thắng,1
Quốc Huy,Kim Oanh,1
Quốc Huy,Đinh Ngọc Diệp,2
Quốc Huy,Anh Dũng,1
Quốc Huy,Đoàn Minh Anh,1
Quốc Huy,Anh Phạm,1
Quốc Huy,Mỹ Uyên,1
Quốc Huy,Quốc Tân,1
Quốc Huy,Sỹ Toàn,1
Quốc Huy,Võ Điền Gia Huy,1
Nhật Trung,Ngọc Phước,1
Ngọc Phước,Lê Khánh,1
Ngọc Phước,Hoàng Oanh,1
Ngọc Phước,Võ Tấn Phát,1
Ngọc Phước,Nguyên Thảo,1
Ngọc Phước,Ngọc Hoa,1
Ngọc Phước,Anh Tú Atus,1
Midu,Phú Thịnh,1
Midu,Lãnh Thanh,1
Midu,Him Phạm,1
Midu,Tiko Tiến Công,1
Midu,Long Hoàng,1
Phú Thịnh,Lãnh Thanh,1
Phú Thịnh,Him Phạm,1
Phú Thịnh,Tiko Tiến Công,1
Phú Thịnh,Long Hoàng,1
Phú Thịnh,SyNi Trang,1
Phú Thịnh,Thu Hương,1
Phú Thịnh,Mạnh Cường,1
Phú Thịnh,Quang Tèo,1
Phú Thịnh,Hải Anh,1
Phú Thịnh,Hoàng Kim Ngọc,1
Phú Thịnh,Phạm Tuấn Anh,1
Phú Thịnh,Trần Quang Minh,1
Phú Thịnh,Huỳnh Hạo Khang,1
Phú Thịnh,Bé An Bình,1
Phú Thịnh,Đình Khang,1
Lãnh Thanh,Him Phạm,1
Lãnh Thanh,Tiko Tiến Công,1
Lãnh Thanh,Long Hoàng,1
Lãnh Thanh,Miu Lê,1
Lãnh Thanh,Karik,1
Lãnh Thanh,Nguyễn Quốc Hùng,1
Lãnh Thanh,Nguyễn Minh Hà,1
Lãnh Thanh,Sơn X,1
Lãnh Thanh,Mai Xuân Thành,1
Lãnh Thanh,Hà Thu Nguyệt,1
Lãnh Thanh,Minh Khang,1
Lãnh Thanh,Nguyễn Đức Anh,1
Lãnh Thanh,Giàng A Phá,1
Lãnh Thanh,Lê Chí Anh,1
Lãnh Thanh,Minh Đức,1
Lãnh Thanh,Vũ Trung Đức,1
Lãnh Thanh,Trung Anh,1
Lãnh Thanh,Hữu Vi,1
Lãnh Thanh,Trà My,1
Lãnh Thanh,Tuyết Anh,1
Him Phạm,Tiko Tiến Công,1
Him Phạm,Long Hoàng,1
Tiko Tiến Công,Long Hoàng,1
Lê Khánh,Hoàng Oanh,1
Lê Khánh,Võ Tấn Phát,1
Lê Khánh,Nguyên Thảo,1
Lê Khánh,Ngọc Hoa,1
Lê Khánh,Hồng Đào,2
Lê Khánh,Trung Dũng,1
Lê Khánh,Tuấn Khải,2
Lê Khánh,Khương Ngọc,1
Lê Khánh,Đinh Y Nhung,2
Lê Khánh,Uyển Ân,1
Lê Khánh,Tạ Minh Tâm,1
Lê Khánh,Thanh Thức,1
Lê Khánh,Tạ Lâm,1
Lê Khánh,Quang Sơn,1
Hoàng Oanh,Võ Tấn Phát,1
Hoàng Oanh,Nguyên Thảo,1
Hoàng Oanh,Ngọc Hoa,1
Võ Tấn Phát,Nguyên Thảo,1
Võ Tấn Phát,Ngọc Hoa,1
Võ Tấn Phát,Đoàn Thiên Ân,1
Võ Tấn Phát,Ma Ran Tô,1
Võ Tấn Phát,Diệp Bảo Ngọc,1
Võ Tấn Phát,Ngọc Xuân,1
Võ Tấn Phát,Thanh Thức,1
Võ Tấn Phát,Hứa Minh Đạt,1
Võ Tấn Phát,Ma Ran Đô,1
Nguyên Thảo,Ngọc Hoa,1
Nguyên Thảo,Thanh Duy,1
Nguyên Thảo,Nguyễn Hữu Tiến,1
Nguyên Thảo,Mạc Trung Kiên,1
Nguyên Thảo,Lâm Hoàng Oanh,1
Nguyên Thảo,Đỗ Tuyển,1
Nguyên Thảo,Lâm Nguyễn,1
Nguyên Thảo,Quang Sơn,1
Nguyên Thảo,Ma Ran Đô,1
Trung Dũng,Huy Khánh,1
Trung Dũng,Thanh Thức,1
Trung Dũng,Tạ Lâm,1
Trung Dũng,Huỳnh Thi,1
Trung Dũng,Diệp Bảo Ngọc,1
Trung Dũng,Hồng Đào,1
Trung Dũng,Tuấn Khải,1
Trung Dũng,Khương Ngọc,1
Trung Dũng,Đinh Y Nhung,1
Huy Khánh,Thanh Thức,1
Huy Khánh,Tạ Lâm,1
Huy Khánh,Huỳnh Thi,1
Huy Khánh,Diệp Bảo Ngọc,1
Huy Khánh,Trang Nhung,1
Huy Khánh,Hứa Minh Đạt,1
Huy Khánh,Lâm Vỹ Dạ,1
Huy Khánh,Thanh Trâm,1
Thanh Thức,Tạ Lâm,2
Thanh Thức,Huỳnh Thi,1
Thanh Thức,Diệp Bảo Ngọc,2
Thanh Thức,Ngọc Xuân,1
Thanh Thức,Hứa Minh Đạt,1
Thanh Thức,Uyển Ân,1
Thanh Thức,Tạ Minh Tâm,1
Thanh Thức,Đinh Y Nhung,1
Thanh Thức,Quang Sơn,1
Tạ Lâm,Huỳnh Thi,1
Tạ Lâm,Diệp Bảo Ngọc,1
Tạ Lâm,Uyển Ân,1
Tạ Lâm,Tạ Minh Tâm,1
Tạ Lâm,Đinh Y Nhung,1
Tạ Lâm,Quang Sơn,1
Tạ Lâm,Trâm Anh,1
Tạ Lâm,Kim Hải,1
Tạ Lâm,Mộc Trà,1
Huỳnh Thi,Diệp Bảo Ngọc,1
Diệp Bảo Ngọc,Ngọc Xuân,1
Diệp Bảo Ngọc,Hứa Minh Đạt,1
Nguyễn Lâm Thảo Tâm,Công Dương,1
Nguyễn Lâm Thảo Tâm,Võ Điền Gia Huy,1
Nguyễn Lâm Thảo Tâm,Rocker Nguyen,1
Nguyễn Lâm Thảo Tâm,Naomi,1
Nguyễn Lâm Thảo Tâm,Ceri,1
Nguyễn Lâm Thảo Tâm,Ngọc Xuân,1
Công Dương,Võ Điền Gia Huy,1
Công Dương,Khánh Vân,1
Công Dương,Thanh Nam,1
Công Dương,Đức Sơn,1
Công Dương,Đoàn Thiên Ân,1
Công Dương,Thành Lộc,1
Công Dương,Hứa Minh Đạt,1
Công Dương,JJ Krissanapoom,1
Võ Điền Gia Huy,NSƯTChiều Xuân,1
Võ Điền Gia Huy,Ngọc Thư,1
Võ Điền Gia Huy,Nguyễn Hữu Tiến,1
Võ Điền Gia Huy,Nghinh Lộc,1
Võ Điền Gia Huy,Lý Hồng Ân,1
Võ Điền Gia Huy,Vũ Đức Ngọc,1
Võ Điền Gia Huy,Đinh Ngọc Diệp,1
Võ Điền Gia Huy,Đoàn Minh Anh,1
Võ Điền Gia Huy,Anh Phạm,1
Võ Điền Gia Huy,Mỹ Uyên,1
Võ Điền Gia Huy,Quốc Tân,1
Võ Điền Gia Huy,Sỹ Toàn,1
Võ Điền Gia Huy,Thanh Sơn,1
Lê Phong Vũ,Nguyễn Thị Trúc Quỳnh,1
Lê Phong Vũ,Nguyễn Thịnh,1
Lê Phong Vũ,Vũ Ngọc Mạnh,1
Nguyễn Thị Trúc Quỳnh,Nguyễn Thịnh,1
Nguyễn Thị Trúc Quỳnh,Vũ Ngọc Mạnh,1
Nguyễn Thịnh,Vũ Ngọc Mạnh,1
Xuân Nghị,Thúy Ngân,1
Xuân Nghị,Anvi Lu,1
Xuân Nghị,Ngọc Xuân,1
Xuân Nghị,Đỗ Nhật Hoàng,1
Xuân Nghị,Huỳnh Hạo Khang,1
Xuân Nghị,Đỗ Kỳ Phong,1
Xuân Nghị,Tấn Thi,1
Xuân Nghị,Ngân Quỳnh,1
Như Quỳnh,Quang Tèo,1
Như Quỳnh,Hồ Phong,1
Như Quỳnh,Đới Anh Quân,1
Như Quỳnh,Tú Oanh,1
Như Quỳnh,Quách Thu Phương,1
Như Quỳnh,Thanh Hương,1
Như Quỳnh,Quang Lâm,1
Như Quỳnh,Mai Long,1
Như Quỳnh,Quyên Qui,1
Như Quỳnh,Quang Thuận,1
Quang Tèo,Hồ Phong,1
Quang Tèo,Đới Anh Quân,1
Quang Tèo,Tú Oanh,1
Quang Tèo,Quách Thu Phương,1
Quang Tèo,Thanh Hương,1
Quang Tèo,Quang Lâm,1
Quang Tèo,Mai Long,1
Quang Tèo,Quyên Qui,1
Quang Tèo,Quang Thuận,1
Quang Tèo,SyNi Trang,1
Quang Tèo,Thu Hương,1
Quang Tèo,Mạnh Cường,1
Quang Tèo,Hải Anh,1
Quang Tèo,Hoàng Kim Ngọc,1
Quang Tèo,Phạm Tuấn Anh,1
Quang Tèo,Trần Quang Minh,1
Quang Tèo,Huỳnh Hạo Khang,1
Quang Tèo,Bé An Bình,1
Quang Tèo,Đình Khang,1
Hồ Phong,Đới Anh Quân,1
Hồ Phong,Tú Oanh,1
Hồ Phong,Quách Thu Phương,1
Hồ Phong,Thanh Hương,1
Hồ Phong,Quang Lâm,1
Hồ Phong,Mai Long,1
Hồ Phong,Quyên Qui,1
Hồ Phong,Quang Thuận,1
Đới Anh Quân,Tú Oanh,1
Đới Anh Quân,Quách Thu Phương,1
Đới Anh Quân,Thanh Hương,1
Đới Anh Quân,Quang Lâm,1
Đới Anh Quân,Mai Long,1
Đới Anh Quân,Quyên Qui,1
Đới Anh Quân,Quang Thuận,1
Tú Oanh,Quách Thu Phương,1
Tú Oanh,Thanh Hương,1
Tú Oanh,Quang Lâm,1
Tú Oanh,Mai Long,1
Tú Oanh,Quyên Qui,1
Tú Oanh,Quang Thuận,1
Quách Thu Phương,Thanh Hương,1
Quách Thu Phương,Quang Lâm,1
Quách Thu Phương,Mai Long,1
Quách Thu Phương,Quyên Qui,1
Quách Thu Phương,Quang Thuận,1
Thanh Hương,Quang Lâm,1
Thanh Hương,Mai Long,1
Thanh Hương,Quyên Qui,1
Thanh Hương,Quang Thuận,1
Thanh Hương,Phan Vũ,1
Thanh Hương,Hoài Lâm,1
Thanh Hương,Quách Ngọc Ngoan,1
Thanh Hương,Sỹ Toàn,1
Thanh Hương,Đình Hiếu,1
Thanh Hương,Hoàng Trinh,1
Thanh Hương,Xuân Hinh,1
Thanh Hương,Trần Bảo Nam,1
Quang Lâm,Mai Long,1
Quang Lâm,Quyên Qui,1
Quang Lâm,Quang Thuận,1
Mai Long,Quyên Qui,1
Mai Long,Quang Thuận,1
Quyên Qui,Quang Thuận,1
Isaac,Rocker Nguyễn,1
Isaac,Emma Lê,1
Isaac,Lợi Trần,1
Isaac,Ngọc Hồ,1
Rocker Nguyễn,Emma Lê,1
Rocker Nguyễn,Lợi Trần,1
Rocker Nguyễn,Ngọc Hồ,1
Emma Lê,Lợi Trần,1
Emma Lê,Ngọc Hồ,1
Lợi Trần,Ngọc Hồ,1
Quang Thắng,Kim Oanh,1
Quang Thắng,Đinh Ngọc Diệp,1
Quang Thắng,Anh Dũng,1
Kim Oanh,Đinh Ngọc Diệp,1
Kim Oanh,Anh Dũng,1
Đinh Ngọc Diệp,Anh Dũng,1
Đinh Ngọc Diệp,Đoàn Minh Anh,1
Đinh Ngọc Diệp,Anh Phạm,1
Đinh Ngọc Diệp,Mỹ Uyên,1
Đinh Ngọc Diệp,Quốc Tân,1
Đinh Ngọc Diệp,Sỹ Toàn,1
Miu Lê,Karik,1
NSƯTChiều Xuân,Ngọc Thư,1
NSƯTChiều Xuân,Nguyễn Hữu Tiến,1
NSƯTChiều Xuân,Nghinh Lộc,1
NSƯTChiều Xuân,Lý Hồng Ân,1
NSƯTChiều Xuân,Vũ Đức Ngọc,1
Ngọc Thư,Nguyễn Hữu Tiến,1
Ngọc Thư,Nghinh Lộc,1
Ngọc Thư,Lý Hồng Ân,1
Ngọc Thư,Vũ Đức Ngọc,1
Nguyễn Hữu Tiến,Nghinh Lộc,1
Nguyễn Hữu Tiến,Lý Hồng Ân,1
Nguyễn Hữu Tiến,Vũ Đức Ngọc,1
Nguyễn Hữu Tiến,Thanh Duy,1
Nguyễn Hữu Tiến,Mạc Trung Kiên,1
Nguyễn Hữu Tiến,Lâm Hoàng Oanh,1
Nguyễn Hữu Tiến,Đỗ Tuyển,1
Nguyễn Hữu Tiến,Lâm Nguyễn,1
Nguyễn Hữu Tiến,Quang Sơn,1
Nghinh Lộc,Lý Hồng Ân,1
Nghinh Lộc,Vũ Đức Ngọc,1
Lý Hồng Ân,Vũ Đức Ngọc,1
Mie,Vân Dung,1
Mie,Quốc Quân,1
Mie,Đào Anh Tuấn,1
Mie,Nam Thư,1
Vân Dung,Quốc Quân,1
Vân Dung,Đào Anh Tuấn,1
Vân Dung,Nam Thư,1
Vân Dung,Thanh Nam,1
Vân Dung,Hà Trung,1
Quốc Quân,Đào Anh Tuấn,1
Quốc Quân,Nam Thư,1
Đào Anh Tuấn,Nam Thư,1
Đào Anh Tuấn,Huỳnh Lập,1
Đào Anh Tuấn,Phương Mỹ Chi,1
Uyển Ân,Hồng Đào,1
Uyển Ân,Anh Phạm,1
Uyển Ân,Thanh Hằng,1
Uyển Ân,Anh Đức,1
Uyển Ân,Xuân Lan,1
Uyển Ân,Lâm Thanh Nhã,1
Uyển Ân,Huy Anh,1
Uyển Ân,Minh Thảo,1
Uyển Ân,Kỳ Duyên,1
Uyển Ân,Tạ Minh Tâm,1
Uyển Ân,Đinh Y Nhung,1
Uyển Ân,Quang Sơn,1
Hồng Đào,Anh Phạm,1
Hồng Đào,Thanh Hằng,1
Hồng Đào,Anh Đức,1
Hồng Đào,Nguyễn Thúc Thùy Tiên,1
Hồng Đào,Đoàn Minh Tài,1
Hồng Đào,Lê Văn Anh,1
Hồng Đào,Bảo Duy,1
Hồng Đào,Ngân Thảo,1
Hồng Đào,Tuấn Khải,2
Hồng Đào,Khương Ngọc,1
Hồng Đào,Đinh Y Nhung,1
Hồng Đào,Jung ll-woo,1
Hồng Đào,Juliet Bảo Ngọc,1
Hồng Đào,Lâm Vỹ Dạ,1
Hồng Đào,Quyền Linh,1
Hồng Đào,Hoàng Linh,1
Anh Phạm,Thanh Hằng,1
Anh Phạm,Anh Đức,1
Anh Phạm,Đoàn Minh Anh,1
Anh Phạm,Mỹ Uyên,1
Anh Phạm,Quốc Tân,1
Anh Phạm,Sỹ Toàn,1
Thanh Hằng,Anh Đức,1
Thanh Hằng,Hoàng Kim Ngọc,1
Thanh Hằng,Lâm Thanh Nhã,1
Cao Thị Thùy Linh,Tuấn Hưng,1
Cao Thị Thùy Linh,Thiện Hùng,1
Cao Thị Thùy Linh,Trung Hiếu,1
Cao Thị Thùy Linh,Anh Tuấn,1
Cao Thị Thùy Linh,Nguyệt Hằng,1
Cao Thị Thùy Linh,Xuân Hồng,1
Cao Thị Thùy Linh,Văn Lượng,1
Cao Thị Thùy Linh,Phạm Minh Quang,1
Cao Thị Thùy Linh,Tùng Lee,1
Cao Thị Thùy Linh,Hải Quân,1
Cao Thị Thùy Linh,Tiến Lợi,1
Cao Thị Thùy Linh,Ngọc Ánh,1
Cao Thị Thùy Linh,Thùy Trang,1
Cao Thị Thùy Linh,Bùi Hải Vy,1
Cao Thị Thùy Linh,Nguyễn Diệu Thúy,1
Tuấn Hưng,Thiện Hùng,1
Tuấn Hưng,Trung Hiếu,1
Tuấn Hưng,Anh Tuấn,1
Tuấn Hưng,Nguyệt Hằng,1
Tuấn Hưng,Xuân Hồng,1
Tuấn Hưng,Văn Lượng,1
Tuấn Hưng,Phạm Minh Quang,1
Tuấn Hưng,Tùng Lee,1
Tuấn Hưng,Hải Quân,1
Tuấn Hưng,Tiến Lợi,1
Tuấn Hưng,Ngọc Ánh,1
Tuấn Hưng,Thùy Trang,1
Tuấn Hưng,Bùi Hải Vy,1
Tuấn Hưng,Nguyễn Diệu Thúy,1
Thiện Hùng,Trung Hiếu,1
Thiện Hùng,Anh Tuấn,1
Thiện Hùng,Nguyệt Hằng,1
Thiện Hùng,Xuân Hồng,1
Thiện Hùng,Văn Lượng,1
Thiện Hùng,Phạm Minh Quang,1
Thiện Hùng,Tùng Lee,1
Thiện Hùng,Hải Quân,1
Thiện Hùng,Tiến Lợi,1
Thiện Hùng,Ngọc Ánh,1
Thiện Hùng,Thùy Trang,1
Thiện Hùng,Bùi Hải Vy,1
Thiện Hùng,Nguyễn Diệu Thúy,1
Trung Hiếu,Anh Tuấn,1
Trung Hiếu,Nguyệt Hằng,1
Trung Hiếu,Xuân Hồng,1
Trung Hiếu,Văn Lượng,1
Trung Hiếu,Phạm Minh Quang,1
Trung Hiếu,Tùng Lee,1
Trung Hiếu,Hải Quân,1
Trung Hiếu,Tiến Lợi,1
Trung Hiếu,Ngọc Ánh,1
Trung Hiếu,Thùy Trang,1
Trung Hiếu,Bùi Hải Vy,1
Trung Hiếu,Nguyễn Diệu Thúy,1
Anh Tuấn,Nguyệt Hằng,1
Anh Tuấn,Xuân Hồng,1
Anh Tuấn,Văn Lượng,1
Anh Tuấn,Phạm Minh Quang,1
Anh Tuấn,Tùng Lee,1
Anh Tuấn,Hải Quân,1
Anh Tuấn,Tiến Lợi,1
Anh Tuấn,Ngọc Ánh,1
Anh Tuấn,Thùy Trang,1
Anh Tuấn,Bùi Hải Vy,1
Anh Tuấn,Nguyễn Diệu Thúy,1
Nguyệt Hằng,Xuân Hồng,1
Nguyệt Hằng,Văn Lượng,1
Nguyệt Hằng,Phạm Minh Quang,1
Nguyệt Hằng,Tùng Lee,1
Nguyệt Hằng,Hải Quân,1
Nguyệt Hằng,Tiến Lợi,1
Nguyệt Hằng,Ngọc Ánh,1
Nguyệt Hằng,Thùy Trang,1
Nguyệt Hằng,Bùi Hải Vy,1
Nguyệt Hằng,Nguyễn Diệu Thúy,1
Xuân Hồng,Văn Lượng,1
Xuân Hồng,Phạm Minh Quang,1
Xuân Hồng,Tùng Lee,1
Xuân Hồng,Hải Quân,1
Xuân Hồng,Tiến Lợi,1
Xuân Hồng,Ngọc Ánh,1
Xuân Hồng,Thùy Trang,1
Xuân Hồng,Bùi Hải Vy,1
Xuân Hồng,Nguyễn Diệu Thúy,1
Văn Lượng,Phạm Minh Quang,1
Văn Lượng,Tùng Lee,1
Văn Lượng,Hải Quân,1
Văn Lượng,Tiến Lợi,1
Văn Lượng,Ngọc Ánh,1
Văn Lượng,Thùy Trang,1
Văn Lượng,Bùi Hải Vy,1
Văn Lượng,Nguyễn Diệu Thúy,1
Phạm Minh Quang,Tùng Lee,1
Phạm Minh Quang,Hải Quân,1
Phạm Minh Quang,Tiến Lợi,1
Phạm Minh Quang,Ngọc Ánh,1
Phạm Minh Quang,Thùy Trang,1
Phạm Minh Quang,Bùi Hải Vy,1
Phạm Minh Quang,Nguyễn Diệu Thúy,1
Tùng Lee,Hải Quân,1
Tùng Lee,Tiến Lợi,1
Tùng Lee,Ngọc Ánh,1
Tùng Lee,Thùy Trang,1
Tùng Lee,Bùi Hải Vy,1
Tùng Lee,Nguyễn Diệu Thúy,1
Hải Quân,Tiến Lợi,1
Hải Quân,Ngọc Ánh,1
Hải Quân,Thùy Trang,1
Hải Quân,Bùi Hải Vy,1
Hải Quân,Nguyễn Diệu Thúy,1
Tiến Lợi,Ngọc Ánh,1
Tiến Lợi,Thùy Trang,1
Tiến Lợi,Bùi Hải Vy,1
Tiến Lợi,Nguyễn Diệu Thúy,1
Ngọc Ánh,Thùy Trang,1
Ngọc Ánh,Bùi Hải Vy,1
Ngọc Ánh,Nguyễn Diệu Thúy,1
Ngọc Ánh,Hoàng Anh Duy,1
Ngọc Ánh,Mỹ Duyên,1
Ngọc Ánh,Trương Minh Cường,1
Ngọc Ánh,Lộ Lộ,1
Ngọc Ánh,Tiểu Bảo Quốc,1
Ngọc Ánh,Lê Quốc Nam,1
Thùy Trang,Bùi Hải Vy,1
Thùy Trang,Nguyễn Diệu Thúy,1
Thùy Trang,Mr Kim,1
Thùy Trang,Yu ChU,1
Thùy Trang,Sam Sony,1
Thùy Trang,Bảo Uyên,1
Thùy Trang,Tuệ Minh,1
Thùy Trang,Ái Vân,1
Thùy Trang,Anna Linh,1
Thùy Trang,Hoàng Sơn,1
Bùi Hải Vy,Nguyễn Diệu Thúy,1
Anh Đào,Nguyễn Văn Toàn,1
Anh Đào,Trung Anh,1
Anh Đào,Vĩnh Xương,1
Anh Đào,Thu Hường,1
Anh Đào,Hùng Anh,1
Anh Đào,Nhật Linh,1
Anh Đào,Phương Duyên,1
Anh Đào,Vũ Long,1
Anh Đào,Lâm Vỹ Dạ,1
Anh Đào,Hứa Minh Đạt,1
Anh Đào,Trương Thế Vinh,1
Anh Đào,Thành Lộc,1
Nguyễn Văn Toàn,Trung Anh,1
Nguyễn Văn Toàn,Vĩnh Xương,1
Nguyễn Văn Toàn,Thu Hường,1
Trung Anh,Vĩnh Xương,1
Trung Anh,Thu Hường,1
Trung Anh,Hữu Vi,1
Trung Anh,Trà My,1
Trung Anh,Tuyết Anh,1
Vĩnh Xương,Thu Hường,1
Trang Nhung,Hứa Minh Đạt,1
Trang Nhung,Lâm Vỹ Dạ,1
Trang Nhung,Thanh Trâm,1
Hứa Minh Đạt,Lâm Vỹ Dạ,2
Hứa Minh Đạt,Thanh Trâm,1
Hứa Minh Đạt,Đoàn Thiên Ân,1
Hứa Minh Đạt,Thành Lộc,2
Hứa Minh Đạt,Hùng Anh,1
Hứa Minh Đạt,Nhật Linh,1
Hứa Minh Đạt,Phương Duyên,1
Hứa Minh Đạt,Vũ Long,1
Hứa Minh Đạt,Trương Thế Vinh,1
Hứa Minh Đạt,Ngọc Xuân,1
Lâm Vỹ Dạ,Thanh Trâm,1
Lâm Vỹ Dạ,Hùng Anh,1
Lâm Vỹ Dạ,Nhật Linh,1
Lâm Vỹ Dạ,Phương Duyên,1
Lâm Vỹ Dạ,Vũ Long,1
Lâm Vỹ Dạ,Trương Thế Vinh,1
Lâm Vỹ Dạ,Thành Lộc,1
Lâm Vỹ Dạ,Jung ll-woo,1
Lâm Vỹ Dạ,Juliet Bảo Ngọc,1
Kim Tử Long,Lê Thiện,1
Kim Tử Long,Kim Huyền,1
Kim Tử Long,Cao Minh Đạt,1
Kim Tử Long,Bạch Công Khanh,1
Kim Tử Long,Bạch Long,1
Kim Tử Long,Chí Tâm,1
Lê Thiện,Kim Huyền,1
Lê Thiện,Cao Minh Đạt,1
Lê Thiện,Bạch Công Khanh,1
Lê Thiện,Bạch Long,1
Lê Thiện,Chí Tâm,1
Kim Huyền,Cao Minh Đạt,1
Kim Huyền,Bạch Công Khanh,1
Kim Huyền,Bạch Long,1
Kim Huyền,Chí Tâm,1
Cao Minh Đạt,Bạch Công Khanh,1
Cao Minh Đạt,Bạch Long,1
Cao Minh Đạt,Chí Tâm,1
Bạch Công Khanh,Bạch Long,1
Bạch Công Khanh,Chí Tâm,1
Bạch Công Khanh,Tuấn Dũng,1
Bạch Công Khanh,Minh Hoàng,1
Bạch Long,Chí Tâm,1
Mai Thu Huyền,Danh ca Nhật Hạ,1
Mai Thu Huyền,Trizzie Phương Trinh,1
Mai Thu Huyền,Baggio Saetti,1
Mai Thu Huyền,Đức Tiến,1
Mai Thu Huyền,Nguyễn Anh Dũng,1
Mai Thu Huyền,Jacqueline Thu Thảo,1
Danh ca Nhật Hạ,Trizzie Phương Trinh,1
Danh ca Nhật Hạ,Baggio Saetti,1
Danh ca Nhật Hạ,Đức Tiến,1
Danh ca Nhật Hạ,Nguyễn Anh Dũng,1
Danh ca Nhật Hạ,Jacqueline Thu Thảo,1
Trizzie Phương Trinh,Baggio Saetti,1
Trizzie Phương Trinh,Đức Tiến,1
Trizzie Phương Trinh,Nguyễn Anh Dũng,1
Trizzie Phương Trinh,Jacqueline Thu Thảo,1
Baggio Saetti,Đức Tiến,1
Baggio Saetti,Nguyễn Anh Dũng,1
Baggio Saetti,Jacqueline Thu Thảo,1
Đức Tiến,Nguyễn Anh Dũng,1
Đức Tiến,Jacqueline Thu Thảo,1
Nguyễn Anh Dũng,Jacqueline Thu Thảo,1
Tôn Kinh Lâm,Khánh Vân,1
Tôn Kinh Lâm,Khazsak,1
Khánh Vân,Khazsak,1
Khánh Vân,Thanh Nam,1
Khánh Vân,Đức Sơn,1
Xuân Lan,Lâm Thanh Nhã,1
Lâm Thanh Nhã,Thân Thúy Hà,1
Lâm Thanh Nhã,Trọng Hải,1
Lâm Thanh Nhã,Hòa Minzy,1
Lâm Thanh Nhã,Thúy Hà,1
Lâm Thanh Nhã,Đỗ Nhật Hoàng,1
Lâm Thanh Nhã,Phương Nam,1
Lâm Thanh Nhã,Nguyễn Thanh Vân,1
Lâm Thanh Nhã,Đình Khang,1
Lâm Thanh Nhã,Nguyễn Hùng,1
Lâm Thanh Nhã,Steven Nguyễn,1
Lâm Thanh Nhã,Hoàng Long,1
Lâm Thanh Nhã,Hạ Anh,1
Lâm Thanh Nhã,Kim Hải,1
Lâm Thanh Nhã,Hoàng Kim Ngọc,1
Trâm Anh,Lê Thu,1
Trâm Anh,Đắc Tín,1
Trâm Anh,Ceri,1
Trâm Anh,Bảo Tiên,1
Trâm Anh,Hồng Anh,1
Trâm Anh,Hoàng Long,1
Trâm Anh,Kim Hải,1
Trâm Anh,Mộc Trà,1
Lê Thu,Đắc Tín,1
Lê Thu,Ceri,1
Lê Thu,Bảo Tiên,1
Lê Thu,Hồng Anh,1
Lê Thu,Hoàng Long,1
Đắc Tín,Ceri,1
Đắc Tín,Bảo Tiên,1
Đắc Tín,Hồng Anh,1
Đắc Tín,Hoàng Long,1
Ceri,Bảo Tiên,1
Ceri,Hồng Anh,1
Ceri,Hoàng Long,1
Ceri,Rocker Nguyen,1
Ceri,Naomi,1
Bảo Tiên,Hồng Anh,1
Bảo Tiên,Hoàng Long,1
Hồng Anh,Hoàng Long,1
Hoàng Long,Thân Thúy Hà,1
Hoàng Long,Trọng Hải,1
Hoàng Long,Hòa Minzy,1
Hoàng Long,Thúy Hà,1
Hoàng Long,Đỗ Nhật Hoàng,1
Hoàng Long,Phương Nam,1
Hoàng Long,Nguyễn Thanh Vân,1
Hoàng Long,Đình Khang,1
Hoàng Long,Nguyễn Hùng,1
Hoàng Long,Steven Nguyễn,1
Hoàng Long,Hạ Anh,1
Trương Thế Vinh,Lương Bích Hữu,1
Trương Thế Vinh,Hùng Anh,1
Trương Thế Vinh,Nhật Linh,1
Trương Thế Vinh,Phương Duyên,1
Trương Thế Vinh,Vũ Long,1
Trương Thế Vinh,Thành Lộc,1
Rocker Nguyen,Naomi,1
Thanh Nam,Đức Sơn,1
Thanh Nam,Hà Trung,1
Thanh Nam,A Tới (VSlifff),1
Thanh Nam,Huỳnh Mai Cát Tiên,1
Thanh Nam,Trần Kim Hải,1
Thanh Nam,Bích Hằng,1
Thanh Nam,Phạm Nhật Linh,1
Thanh Nam,Nguyễn Sĩ Hậu,1
Dạ Chúc,Thành Lộc,1
Dạ Chúc,Diệu Đức,1
Dạ Chúc,Cẩm Ly,1
Dạ Chúc,Minh Khang,1
Thành Lộc,Diệu Đức,1
Thành Lộc,Cẩm Ly,1
Thành Lộc,Minh Khang,1
Thành Lộc,Đoàn Thiên Ân,1
Thành Lộc,Hùng Anh,1
Thành Lộc,Nhật Linh,1
Thành Lộc,Phương Duyên,1
Thành Lộc,Vũ Long,1
Diệu Đức,Cẩm Ly,1
Diệu Đức,Minh Khang,1
Cẩm Ly,Minh Khang,1
Minh Khang,Nguyễn Quốc Hùng,1
Minh Khang,Nguyễn Minh Hà,1
Minh Khang,Sơn X,1
Minh Khang,Mai Xuân Thành,1
Minh Khang,Hà Thu Nguyệt,1
Minh Khang,Nguyễn Đức Anh,1
Minh Khang,Giàng A Phá,1
Minh Khang,Lê Chí Anh,1
Minh Khang,Minh Đức,1
Minh Khang,Vũ Trung Đức,1
Quyền Linh,Minh Luân,1
Quyền Linh,Kiều Oanh,1
Quyền Linh,Trần Kim Hải,1
Quyền Linh,Hoàng Linh,1
Minh Luân,Kiều Oanh,1
Minh Luân,Trần Kim Hải,1
Kiều Oanh,Trần Kim Hải,1
Kiều Oanh,Huỳnh Hạo Khang,1
Trần Kim Hải,A Tới (VSlifff),1
Trần Kim Hải,Huỳnh Mai Cát Tiên,1
Trần Kim Hải,Bích Hằng,1
Trần Kim Hải,Phạm Nhật Linh,1
Trần Kim Hải,Nguyễn Sĩ Hậu,1
Trần Kim Hải,Tín Nguyễn,1
Trần Kim Hải,Thành Hội,1
Trần Kim Hải,Ái Như,1
Thúy Diễm,Doãn Hoàng,1
Thúy Diễm,Trần Thiên Tú,1
Thúy Diễm,SyNi Trang,1
Thúy Diễm,Hải Nam,1
Doãn Hoàng,Trần Thiên Tú,1
Doãn Hoàng,SyNi Trang,1
Doãn Hoàng,Hải Nam,1
Trần Thiên Tú,SyNi Trang,1
Trần Thiên Tú,Hải Nam,1
SyNi Trang,Hải Nam,1
SyNi Trang,Thu Hương,1
SyNi Trang,Mạnh Cường,1
SyNi Trang,Hải Anh,1
SyNi Trang,Hoàng Kim Ngọc,1
SyNi Trang,Phạm Tuấn Anh,1
SyNi Trang,Trần Quang Minh,1
SyNi Trang,Huỳnh Hạo Khang,1
SyNi Trang,Bé An Bình,1
SyNi Trang,Đình Khang,1
Henry Nguyễn,Huỳnh Anh Tuấn,1
Henry Nguyễn,Cát Hạ,1
Huỳnh Anh Tuấn,Cát Hạ,1
Huy Anh,Minh Thảo,1
Mr Kim,Yu ChU,1
Mr Kim,Sam Sony,1
Mr Kim,Bảo Uyên,1
Mr Kim,Tuệ Minh,1
Mr Kim,Ái Vân,1
Mr Kim,Anna Linh,1
Mr Kim,Hoàng Sơn,1
Yu ChU,Sam Sony,1
Yu ChU,Bảo Uyên,1
Yu ChU,Tuệ Minh,1
Yu ChU,Ái Vân,1
Yu ChU,Anna Linh,1
Yu ChU,Hoàng Sơn,1
Sam Sony,Bảo Uyên,1
Sam Sony,Tuệ Minh,1
Sam Sony,Ái Vân,1
Sam Sony,Anna Linh,1
Sam Sony,Hoàng Sơn,1
Bảo Uyên,Tuệ Minh,1
Bảo Uyên,Ái Vân,1
Bảo Uyên,Anna Linh,1
Bảo Uyên,Hoàng Sơn,1
Tuệ Minh,Ái Vân,1
Tuệ Minh,Anna Linh,1
Tuệ Minh,Hoàng Sơn,1
Ái Vân,Anna Linh,1
Ái Vân,Hoàng Sơn,1
Anna Linh,Hoàng Sơn,1
Anvi Lu,Ngọc Xuân,1
Anvi Lu,Đỗ Nhật Hoàng,1
Anvi Lu,Huỳnh Hạo Khang,1
Anvi Lu,Đỗ Kỳ Phong,1
Anvi Lu,Tấn Thi,1
Anvi Lu,Ngân Quỳnh,1
Ngọc Xuân,Đỗ Nhật Hoàng,1
Ngọc Xuân,Huỳnh Hạo Khang,1
Ngọc Xuân,Đỗ Kỳ Phong,1
Ngọc Xuân,Tấn Thi,1
Ngọc Xuân,Ngân Quỳnh,1
Đỗ Nhật Hoàng,Huỳnh Hạo Khang,1
Đỗ Nhật Hoàng,Đỗ Kỳ Phong,1
Đỗ Nhật Hoàng,Tấn Thi,1
Đỗ Nhật Hoàng,Ngân Quỳnh,1
Đỗ Nhật Hoàng,Thân Thúy Hà,1
Đỗ Nhật Hoàng,Trọng Hải,1
Đỗ Nhật Hoàng,Hòa Minzy,1
Đỗ Nhật Hoàng,Thúy Hà,1
Đỗ Nhật Hoàng,Phương Nam,1
Đỗ Nhật Hoàng,Nguyễn Thanh Vân,1
Đỗ Nhật Hoàng,Đình Khang,1
Đỗ Nhật Hoàng,Nguyễn Hùng,1
Đỗ Nhật Hoàng,Steven Nguyễn,1
Đỗ Nhật Hoàng,Hạ Anh,1
Huỳnh Hạo Khang,Đỗ Kỳ Phong,1
Huỳnh Hạo Khang,Tấn Thi,1
Huỳnh Hạo Khang,Ngân Quỳnh,1
Huỳnh Hạo Khang,Thu Hương,1
Huỳnh Hạo Khang,Mạnh Cường,1
Huỳnh Hạo Khang,Hải Anh,1
Huỳnh Hạo Khang,Hoàng Kim Ngọc,1
Huỳnh Hạo Khang,Phạm Tuấn Anh,1
Huỳnh Hạo Khang,Trần Quang Minh,1
Huỳnh Hạo Khang,Bé An Bình,1
Huỳnh Hạo Khang,Đình Khang,1
Đỗ Kỳ Phong,Tấn Thi,1
Đỗ Kỳ Phong,Ngân Quỳnh,1
Tấn Thi,Ngân Quỳnh,1
Ngân Quỳnh,Tín Nguyễn,1
Ngân Quỳnh,Bảo Ngọc,1
Ngân Quỳnh,Tuyết Thu,1
Ngân Quỳnh,Đoàn Thế Vinh,1
Ngân Quỳnh,Hồng Thu,1
Ngân Quỳnh,Yuno BigBoi,1
Ngân Quỳnh,Rio Hạo Nhiên,1
Ngân Quỳnh,Hồ Đông Quan,1
Ngân Quỳnh,Cherry Hải My,1
Ngân Quỳnh,Lê Tuấn Khang,1
Nguyễn Thúc Thùy Tiên,Đoàn Minh Tài,1
Nguyễn Thúc Thùy Tiên,Lê Văn Anh,1
Nguyễn Thúc Thùy Tiên,Bảo Duy,1
Nguyễn Thúc Thùy Tiên,Ngân Thảo,1
Đoàn Minh Tài,Lê Văn Anh,1
Đoàn Minh Tài,Bảo Duy,1
Đoàn Minh Tài,Ngân Thảo,1
Lê Văn Anh,Bảo Duy,1
Lê Văn Anh,Ngân Thảo,1
Bảo Duy,Ngân Thảo,1
Đoàn Thiên Ân,Ma Ran Tô,1
Tuấn Khải,Khương Ngọc,1
Tuấn Khải,Đinh Y Nhung,1
Khương Ngọc,Đinh Y Nhung,1
Đinh Y Nhung,Lý Hạo Mạnh Quỳnh,1
Đinh Y Nhung,Kiều Anh,1
Đinh Y Nhung,Tạ Minh Tâm,1
Đinh Y Nhung,Quang Sơn,1
Đinh Y Nhung,Miss Thy,1
Đinh Y Nhung,Dustin Nguyễn,1
Hùng Anh,Nhật Linh,1
Hùng Anh,Phương Duyên,1
Hùng Anh,Vũ Long,1
Nhật Linh,Phương Duyên,1
Nhật Linh,Vũ Long,1
Nhật Linh,Quách Ngọc Ngoan,1
Nhật Linh,Xuân Văn,1
Nhật Linh,Việt Hưng,1
Phương Duyên,Vũ Long,1
Thu Hương,Mạnh Cường,1
Thu Hương,Hải Anh,1
Thu Hương,Hoàng Kim Ngọc,1
Thu Hương,Phạm Tuấn Anh,1
Thu Hương,Trần Quang Minh,1
Thu Hương,Bé An Bình,1
Thu Hương,Đình Khang,1
Mạnh Cường,Hải Anh,1
Mạnh Cường,Hoàng Kim Ngọc,1
Mạnh Cường,Phạm Tuấn Anh,1
Mạnh Cường,Trần Quang Minh,1
Mạnh Cường,Bé An Bình,1
Mạnh Cường,Đình Khang,1
Hải Anh,Hoàng Kim Ngọc,1
Hải Anh,Phạm Tuấn Anh,1
Hải Anh,Trần Quang Minh,1
Hải Anh,Bé An Bình,1
Hải Anh,Đình Khang,1
Hải Anh,Trương Ngọc Ánh,1
Hải Anh,Tiến Phạm,1
Hải Anh,Uy Nhân,1
Hải Anh,Trần Thanh Tùng,1
Hải Anh,Trịnh Tú Trung,1
Hải Anh,Bảo Khương,1
Hải Anh,Lê Anh Huy,1
Hoàng Kim Ngọc,Phạm Tuấn Anh,1
Hoàng Kim Ngọc,Trần Quang Minh,1
Hoàng Kim Ngọc,Bé An Bình,1
Hoàng Kim Ngọc,Đình Khang,1
Phạm Tuấn Anh,Trần Quang Minh,1
Phạm Tuấn Anh,Bé An Bình,1
Phạm Tuấn Anh,Đình Khang,1
Trần Quang Minh,Bé An Bình,1
Trần Quang Minh,Đình Khang,1
Bé An Bình,Đình Khang,1
Đình Khang,Thân Thúy Hà,1
Đình Khang,Trọng Hải,1
Đình Khang,Hòa Minzy,1
Đình Khang,Thúy Hà,1
Đình Khang,Phương Nam,1
Đình Khang,Nguyễn Thanh Vân,1
Đình Khang,Nguyễn Hùng,1
Đình Khang,Steven Nguyễn,1
Đình Khang,Hạ Anh,1
Huỳnh Lập,Phương Mỹ Chi,1
Tuấn Dũng,Minh Hoàng,1
Cao Minh,Diễm Hằng,1
Cao Minh,Cao Sang Lê,1
Cao Minh,Khánh Ly,1
Cao Minh,Hoàng Minh Triết,1
Cao Minh,Nhật Ý,1
Diễm Hằng,Cao Sang Lê,1
Diễm Hằng,Khánh Ly,1
Diễm Hằng,Hoàng Minh Triết,1
Diễm Hằng,Nhật Ý,1
Cao Sang Lê,Khánh Ly,1
Cao Sang Lê,Hoàng Minh Triết,1
Cao Sang Lê,Nhật Ý,1
Khánh Ly,Hoàng Minh Triết,1
Khánh Ly,Nhật Ý,1
Hoàng Minh Triết,Nhật Ý,1
Tín Nguyễn,Bảo Ngọc,1
Tín Nguyễn,Tuyết Thu,1
Tín Nguyễn,Đoàn Thế Vinh,1
Tín Nguyễn,Hồng Thu,1
Tín Nguyễn,Yuno BigBoi,1
Tín Nguyễn,Rio Hạo Nhiên,1
Tín Nguyễn,Hồ Đông Quan,1
Tín Nguyễn,Cherry Hải My,1
Tín Nguyễn,Lê Tuấn Khang,1
Tín Nguyễn,Thành Hội,1
Tín Nguyễn,Ái Như,1
Bảo Ngọc,Tuyết Thu,1
Bảo Ngọc,Đoàn Thế Vinh,1
Bảo Ngọc,Hồng Thu,1
Bảo Ngọc,Yuno BigBoi,1
Bảo Ngọc,Rio Hạo Nhiên,1
Bảo Ngọc,Hồ Đông Quan,1
Bảo Ngọc,Cherry Hải My,1
Bảo Ngọc,Lê Tuấn Khang,1
Tuyết Thu,Đoàn Thế Vinh,1
Tuyết Thu,Hồng Thu,1
Tuyết Thu,Yuno BigBoi,1
Tuyết Thu,Rio Hạo Nhiên,1
Tuyết Thu,Hồ Đông Quan,1
Tuyết Thu,Cherry Hải My,1
Tuyết Thu,Lê Tuấn Khang,1
Tuyết Thu,Quách Ngọc Ngoan,1
Tuyết Thu,Sĩ Toàn,1
Tuyết Thu,Á Hậu Minh Kiên,1
Đoàn Thế Vinh,Hồng Thu,1
Đoàn Thế Vinh,Yuno BigBoi,1
Đoàn Thế Vinh,Rio Hạo Nhiên,1
Đoàn Thế Vinh,Hồ Đông Quan,1
Đoàn Thế Vinh,Cherry Hải My,1
Đoàn Thế Vinh,Lê Tuấn Khang,1
Đoàn Thế Vinh,Hữu Trọng,1
Đoàn Thế Vinh,Mai Sơn Lâm,1
Đoàn Thế Vinh,Hà Linh,1
Hồng Thu,Yuno BigBoi,1
Hồng Thu,Rio Hạo Nhiên,1
Hồng Thu,Hồ Đông Quan,1
Hồng Thu,Cherry Hải My,1
Hồng Thu,Lê Tuấn Khang,1
Yuno BigBoi,Rio Hạo Nhiên,1
Yuno BigBoi,Hồ Đông Quan,1
Yuno BigBoi,Cherry Hải My,1
Yuno BigBoi,Lê Tuấn Khang,1
Rio Hạo Nhiên,Hồ Đông Quan,1
Rio Hạo Nhiên,Cherry Hải My,1
Rio Hạo Nhiên,Lê Tuấn Khang,1
Hồ Đông Quan,Cherry Hải My,1
Hồ Đông Quan,Lê Tuấn Khang,1
Cherry Hải My,Lê Tuấn Khang,1
Đoàn Minh Anh,Mỹ Uyên,1
Đoàn Minh Anh,Quốc Tân,1
Đoàn Minh Anh,Sỹ Toàn,1
Mỹ Uyên,Quốc Tân,1
Mỹ Uyên,Sỹ Toàn,1
Quốc Tân,Sỹ Toàn,1
Sỹ Toàn,Hoài Lâm,1
Sỹ Toàn,Quách Ngọc Ngoan,1
Sỹ Toàn,Đình Hiếu,1
Sỹ Toàn,Hoàng Trinh,1
Huỳnh Tú Uyên,Hoa Thảo,1
Huỳnh Tú Uyên,Trần Vân Anh,1
Huỳnh Tú Uyên,Nam Nam,1
Huỳnh Tú Uyên,Vương Thanh Tùng,1
Huỳnh Tú Uyên,Hồ Quang,1
Hoa Thảo,Trần Vân Anh,1
Hoa Thảo,Nam Nam,1
Hoa Thảo,Vương Thanh Tùng,1
Hoa Thảo,Hồ Quang,1
Trần Vân Anh,Nam Nam,1
Trần Vân Anh,Vương Thanh Tùng,1
Trần Vân Anh,Hồ Quang,1
Nam Nam,Vương Thanh Tùng,1
Nam Nam,Hồ Quang,1
Vương Thanh Tùng,Hồ Quang,1
Thanh Duy,Mạc Trung Kiên,1
Thanh Duy,Lâm Hoàng Oanh,1
Thanh Duy,Đỗ Tuyển,1
Thanh Duy,Lâm Nguyễn,1
Thanh Duy,Quang Sơn,1
Mạc Trung Kiên,Lâm Hoàng Oanh,1
Mạc Trung Kiên,Đỗ Tuyển,1
Mạc Trung Kiên,Lâm Nguyễn,1
Mạc Trung Kiên,Quang Sơn,1
Lâm Hoàng Oanh,Đỗ Tuyển,1
Lâm Hoàng Oanh,Lâm Nguyễn,1
Lâm Hoàng Oanh,Quang Sơn,1
Đỗ Tuyển,Lâm Nguyễn,1
Đỗ Tuyển,Quang Sơn,1
Lâm Nguyễn,Quang Sơn,1
Quang Sơn,Tạ Minh Tâm,1
Đào Bá Sơn,Đức Khuê,1
Lý Hạo Mạnh Quỳnh,Kiều Anh,1
A Tới (VSlifff),Huỳnh Mai Cát Tiên,1
A Tới (VSlifff),Bích Hằng,1
A Tới (VSlifff),Phạm Nhật Linh,1
A Tới (VSlifff),Nguyễn Sĩ Hậu,1
Huỳnh Mai Cát Tiên,Bích Hằng,1
Huỳnh Mai Cát Tiên,Phạm Nhật Linh,1
Huỳnh Mai Cát Tiên,Nguyễn Sĩ Hậu,1
Bích Hằng,Phạm Nhật Linh,1
Bích Hằng,Nguyễn Sĩ Hậu,1
Phạm Nhật Linh,Nguyễn Sĩ Hậu,1
Nguyễn Quốc Hùng,Nguyễn Minh Hà,1
Nguyễn Quốc Hùng,Sơn X,1
Nguyễn Quốc Hùng,Mai Xuân Thành,1
Nguyễn Quốc Hùng,Hà Thu Nguyệt,1
Nguyễn Quốc Hùng,Nguyễn Đức Anh,1
Nguyễn Quốc Hùng,Giàng A Phá,1
Nguyễn Quốc Hùng,Lê Chí Anh,1
Nguyễn Quốc Hùng,Minh Đức,1
Nguyễn Quốc Hùng,Vũ Trung Đức,1
Nguyễn Minh Hà,Sơn X,1
Nguyễn Minh Hà,Mai Xuân Thành,1
Nguyễn Minh Hà,Hà Thu Nguyệt,1
Nguyễn Minh Hà,Nguyễn Đức Anh,1
Nguyễn Minh Hà,Giàng A Phá,1
Nguyễn Minh Hà,Lê Chí Anh,1
Nguyễn Minh Hà,Minh Đức,1
Nguyễn Minh Hà,Vũ Trung Đức,1
Sơn X,Mai Xuân Thành,1
Sơn X,Hà Thu Nguyệt,1
Sơn X,Nguyễn Đức Anh,1
Sơn X,Giàng A Phá,1
Sơn X,Lê Chí Anh,1
Sơn X,Minh Đức,1
Sơn X,Vũ Trung Đức,1
Mai Xuân Thành,Hà Thu Nguyệt,1
Mai Xuân Thành,Nguyễn Đức Anh,1
Mai Xuân Thành,Giàng A Phá,1
Mai Xuân Thành,Lê Chí Anh,1
Mai Xuân Thành,Minh Đức,1
Mai Xuân Thành,Vũ Trung Đức,1
Hà Thu Nguyệt,Nguyễn Đức Anh,1
Hà Thu Nguyệt,Giàng A Phá,1
Hà Thu Nguyệt,Lê Chí Anh,1
Hà Thu Nguyệt,Minh Đức,1
Hà Thu Nguyệt,Vũ Trung Đức,1
Nguyễn Đức Anh,Giàng A Phá,1
Nguyễn Đức Anh,Lê Chí Anh,1
Nguyễn Đức Anh,Minh Đức,1
Nguyễn Đức Anh,Vũ Trung Đức,1
Giàng A Phá,Lê Chí Anh,1
Giàng A Phá,Minh Đức,1
Giàng A Phá,Vũ Trung Đức,1
Lê Chí Anh,Minh Đức,1
Lê Chí Anh,Vũ Trung Đức,1
Minh Đức,Vũ Trung Đức,1
Jung ll-woo,Juliet Bảo Ngọc,1
Thân Thúy Hà,Trọng Hải,1
Thân Thúy Hà,Hòa Minzy,1
Thân Thúy Hà,Thúy Hà,1
Thân Thúy Hà,Phương Nam,1
Thân Thúy Hà,Nguyễn Thanh Vân,1
Thân Thúy Hà,Nguyễn Hùng,1
Thân Thúy Hà,Steven Nguyễn,1
Thân Thúy Hà,Hạ Anh,1
Trọng Hải,Hòa Minzy,1
Trọng Hải,Thúy Hà,1
Trọng Hải,Phương Nam,1
Trọng Hải,Nguyễn Thanh Vân,1
Trọng Hải,Nguyễn Hùng,1
Trọng Hải,Steven Nguyễn,1
Trọng Hải,Hạ Anh,1
Hòa Minzy,Thúy Hà,1
Hòa Minzy,Phương Nam,1
Hòa Minzy,Nguyễn Thanh Vân,1
Hòa Minzy,Nguyễn Hùng,1
Hòa Minzy,Steven Nguyễn,1
Hòa Minzy,Hạ Anh,1
Thúy Hà,Phương Nam,1
Thúy Hà,Nguyễn Thanh Vân,1
Thúy Hà,Nguyễn Hùng,1
Thúy Hà,Steven Nguyễn,1
Thúy Hà,Hạ Anh,1
Phương Nam,Nguyễn Thanh Vân,1
Phương Nam,Nguyễn Hùng,1
Phương Nam,Steven Nguyễn,1
Phương Nam,Hạ Anh,1
Nguyễn Thanh Vân,Nguyễn Hùng,1
Nguyễn Thanh Vân,Steven Nguyễn,1
Nguyễn Thanh Vân,Hạ Anh,1
Nguyễn Hùng,Steven Nguyễn,1
Nguyễn Hùng,Hạ Anh,1
Steven Nguyễn,Hạ Anh,1
Hoàng Anh Duy,Mỹ Duyên,1
Hoàng Anh Duy,Trương Minh Cường,1
Hoàng Anh Duy,Lộ Lộ,1
Hoàng Anh Duy,Tiểu Bảo Quốc,1
Hoàng Anh Duy,Lê Quốc Nam,1
Mỹ Duyên,Trương Minh Cường,1
Mỹ Duyên,Lộ Lộ,1
Mỹ Duyên,Tiểu Bảo Quốc,1
Mỹ Duyên,Lê Quốc Nam,1
Trương Minh Cường,Lộ Lộ,1
Trương Minh Cường,Tiểu Bảo Quốc,1
Trương Minh Cường,Lê Quốc Nam,1
Lộ Lộ,Tiểu Bảo Quốc,1
Lộ Lộ,Lê Quốc Nam,1
Tiểu Bảo Quốc,Lê Quốc Nam,1
Hữu Vi,Trà My,1
Hữu Vi,Tuyết Anh,1
Trà My,Tuyết Anh,1
Nguyễn Xuân Thắng,Bé Quyên,1
Lương Gia Huy,Thái Trà My,1
Lương Gia Huy,Dũng Bino,1
Thái Trà My,Dũng Bino,1
Lee Kwang Soo,Cù Thị Trà,1
Kim Hải,Mộc Trà,1
Thành Hội,Ái Như,1
Hữu Trọng,Mai Sơn Lâm,1
Hữu Trọng,Hà Linh,1
Mai Sơn Lâm,Hà Linh,1
Quách Ngọc Ngoan,Xuân Văn,1
Quách Ngọc Ngoan,Việt Hưng,1
Quách Ngọc Ngoan,Hoài Lâm,1
Quách Ngọc Ngoan,Đình Hiếu,1
Quách Ngọc Ngoan,Hoàng Trinh,1
Quách Ngọc Ngoan,Sĩ Toàn,1
Quách Ngọc Ngoan,Á Hậu Minh Kiên,1
Xuân Văn,Việt Hưng,1
Hoài Lâm,Đình Hiếu,1
Hoài Lâm,Hoàng Trinh,1
Đình Hiếu,Hoàng Trinh,1
Xuân Hinh,Trần Bảo Nam,1
Miss Thy,Dustin Nguyễn,1
Tự Long,Johnny Trí Nguyễn,1
Sĩ Toàn,Á Hậu Minh Kiên,1
Trương Ngọc Ánh,Tiến Phạm,1
Trương Ngọc Ánh,Uy Nhân,1
Trương Ngọc Ánh,Trần Thanh Tùng,1
Trương Ngọc Ánh,Trịnh Tú Trung,1
Trương Ngọc Ánh,Bảo Khương,1
Trương Ngọc Ánh,Lê Anh Huy,1
Trương Ngọc Ánh,Trần Bảo Sơn,1
Tiến Phạm,Uy Nhân,1
Tiến Phạm,Trần Thanh Tùng,1
Tiến Phạm,Trịnh Tú Trung,1
Tiến Phạm,Bảo Khương,1
Tiến Phạm,Lê Anh Huy,1
Uy Nhân,Trần Thanh Tùng,1
Uy Nhân,Trịnh Tú Trung,1
Uy Nhân,Bảo Khương,1
Uy Nhân,Lê Anh Huy,1
Trần Thanh Tùng,Trịnh Tú Trung,1
Trần Thanh Tùng,Bảo Khương,1
Trần Thanh Tùng,Lê Anh Huy,1
Trịnh Tú Trung,Bảo Khương,1
Trịnh Tú Trung,Lê Anh Huy,1
Bảo Khương,Lê Anh Huy,1
