token,df,len,is_english
pin,10703,3,TRUE
usb,8608,3,FALSE
micro,6188,5,TRUE
bluetooth,6141,9,FALSE
led,6122,3,TRUE
camera,5506,6,TRUE
video,5055,5,TRUE
type,4535,4,TRUE
wifi,4188,4,FALSE
option,4179,6,TRUE
android,4115,7,TRUE
mini,3549,4,TRUE
abs,3220,3,TRUE
and,3199,3,TRUE
the,3082,3,TRUE
mic,3029,3,TRUE
full,2833,4,TRUE
serum,2693,5,TRUE
for,2689,3,TRUE
may,2582,3,TRUE
chip,2507,4,TRUE
tem,2458,3,FALSE
with,2431,4,TRUE
product,2348,7,TRUE
size,2344,4,TRUE
ios,2294,3,FALSE
lithium,2261,7,TRUE
material,2238,8,TRUE
pro,2219,3,TRUE
microphone,2148,10,TRUE
model,2121,5,TRUE
package,2093,7,TRUE
you,2064,3,TRUE
app,2023,3,TRUE
power,2009,5,TRUE
tham,1998,4,FALSE
your,1958,4,TRUE
not,1876,3,TRUE
are,1835,3,TRUE
sung,1833,4,TRUE
max,1815,3,TRUE
sim,1798,3,TRUE
color,1778,5,TRUE
adapter,1774,7,TRUE
wireless,1772,8,TRUE
contents,1704,8,TRUE
game,1702,4,TRUE
iphone,1695,6,FALSE
item,1668,4,TRUE
light,1656,5,TRUE
polymer,1649,7,TRUE
jean,1640,4,TRUE
any,1629,3,TRUE
karaoke,1610,7,TRUE
gps,1601,3,FALSE
jeans,1585,5,TRUE
sound,1582,5,TRUE
vitamin,1565,7,TRUE
oxy,1545,3,FALSE
samsung,1543,7,FALSE
support,1541,7,TRUE
can,1539,3,TRUE
will,1533,4,TRUE
high,1528,4,TRUE
use,1499,3,TRUE
play,1486,4,TRUE
please,1473,6,TRUE
driver,1462,6,TRUE
battery,1455,7,TRUE
flash,1437,5,TRUE
have,1428,4,TRUE
plastic,1395,7,TRUE
black,1392,5,TRUE
audio,1390,5,TRUE
quality,1378,7,TRUE
cable,1374,5,TRUE
xiaomi,1360,6,FALSE
acid,1319,4,TRUE
inch,1316,4,TRUE
noise,1308,5,TRUE
super,1300,5,TRUE
charge,1299,6,TRUE
denim,1298,5,TRUE
colour,1293,6,FALSE
make,1293,4,TRUE
typetype,1286,8,FALSE
about,1281,5,TRUE
contact,1268,7,TRUE
before,1265,6,TRUE
ion,1264,3,TRUE
smart,1261,5,TRUE
when,1253,4,TRUE
get,1250,3,TRUE
order,1238,5,TRUE
price,1223,5,TRUE
plug,1215,4,TRUE
ram,1215,3,TRUE
there,1214,5,TRUE
ninhtrong,1207,9,FALSE
shipping,1205,8,TRUE
bass,1184,4,TRUE
output,1176,6,TRUE
bay,1174,3,TRUE
long,1174,4,TRUE
good,1168,4,TRUE
charging,1165,8,TRUE
best,1162,4,TRUE
first,1159,5,TRUE
details,1154,7,TRUE
star,1154,4,TRUE
provide,1149,7,TRUE
check,1147,5,TRUE
zoom,1137,4,TRUE
google,1136,6,TRUE
feedback,1134,8,TRUE
sure,1119,4,TRUE
collagen,1116,8,TRUE
problem,1097,7,TRUE
satisfied,1094,9,TRUE
leave,1088,5,TRUE
from,1087,4,TRUE
laptop,1083,6,TRUE
negative,1081,8,TRUE
otg,1080,3,FALSE
white,1080,5,TRUE
input,1079,5,TRUE
different,1076,9,TRUE
drop,1074,4,TRUE
huawei,1067,6,FALSE
carefully,1064,9,TRUE
store,1064,5,TRUE
wholesale,1064,9,TRUE
positive,1061,8,TRUE
leaving,1049,7,TRUE
hesitate,1041,8,TRUE
resolve,1039,7,TRUE
satisfy,1039,7,TRUE
yoosee,1039,6,FALSE
entirely,1038,8,TRUE
speaker,1031,7,TRUE
data,1030,4,TRUE
note,1009,4,TRUE
stereo,1004,6,TRUE
other,999,5,TRUE
outdoor,999,7,TRUE
amoled,985,6,FALSE
lcd,983,3,FALSE
damoisturizing,981,14,FALSE
lights,980,6,TRUE
ousb,963,4,FALSE
phone,954,5,TRUE
new,950,3,TRUE
easy,937,4,TRUE
cmos,936,4,FALSE
perfect,922,7,TRUE
card,921,4,TRUE
this,919,4,TRUE
home,917,4,TRUE
apple,911,5,TRUE
hyaluronic,908,10,FALSE
included,908,8,TRUE
massage,892,7,TRUE
email,888,5,TRUE
ultra,884,5,TRUE
portable,880,8,TRUE
quick,874,5,TRUE
cpu,873,3,FALSE
real,870,4,TRUE
box,856,3,TRUE
doanh,845,5,FALSE
tws,844,3,FALSE
lightning,841,9,TRUE
music,837,5,TRUE
time,836,4,TRUE
free,835,4,TRUE
dynamic,834,7,TRUE
hot,828,3,TRUE
peopleskin,822,10,FALSE
all,815,3,TRUE
pinlithium,815,10,FALSE
products,810,8,TRUE
more,809,4,TRUE
pixel,808,5,TRUE
omicro,806,6,FALSE
chat,801,4,TRUE
features,799,8,TRUE
lighting,796,8,TRUE
voice,795,5,TRUE
frequency,791,9,TRUE
built,787,5,TRUE
niacinamide,781,11,FALSE
dual,774,4,TRUE
voltage,771,7,TRUE
control,764,7,TRUE
that,760,4,TRUE
hours,755,5,TRUE
nfc,742,3,FALSE
cotton,738,6,TRUE
hifi,736,4,FALSE
aux,731,3,TRUE
plus,724,4,TRUE
rung,723,4,TRUE
set,721,3,TRUE
pvc,718,3,FALSE
galaxy,717,6,TRUE
jack,717,4,TRUE
only,713,4,TRUE
form,706,4,TRUE
mode,706,4,TRUE
life,699,4,TRUE
radio,688,5,TRUE
little,683,6,TRUE
design,681,6,TRUE
decor,678,5,TRUE
waterproof,672,10,TRUE
ips,667,3,FALSE
smartphone,661,10,TRUE
above,656,5,TRUE
nano,650,4,FALSE
suitable,650,8,TRUE
measurement,645,11,TRUE
content,644,7,TRUE
silicon,643,7,TRUE
night,642,5,TRUE
range,640,5,TRUE
ipad,638,4,FALSE
clear,634,5,TRUE
ship,633,4,TRUE
chipset,631,7,FALSE
capacity,629,8,TRUE
fast,625,4,TRUE
direct,624,6,TRUE
lazada,623,6,FALSE
microsd,621,7,FALSE
string,617,6,TRUE
silicone,616,8,TRUE
than,613,4,TRUE
studio,611,6,TRUE
watch,610,5,TRUE
zalo,602,4,FALSE
one,598,3,TRUE
picture,598,7,TRUE
hdr,597,3,FALSE
display,596,7,TRUE
our,594,3,TRUE
stress,593,6,TRUE
metal,592,5,TRUE
lte,591,3,FALSE
party,583,5,TRUE
core,582,4,TRUE
glonass,581,7,FALSE
which,580,5,TRUE
mobile,578,6,TRUE
bank,576,4,TRUE
without,573,7,TRUE
displays,572,8,TRUE
megapixel,572,9,TRUE
mediatek,565,8,FALSE
pan,565,3,TRUE
response,565,8,TRUE
rgb,565,3,FALSE
call,563,4,TRUE
professional,563,12,TRUE
error,562,5,TRUE
glycerin,560,8,TRUE
name,560,4,TRUE
combo,558,5,TRUE
gsm,557,3,FALSE
cause,556,5,TRUE
ptz,555,3,FALSE
thing,551,5,TRUE
web,546,3,TRUE
technology,544,10,TRUE
essential,542,9,TRUE
sos,540,3,FALSE
manual,538,6,TRUE
allowed,535,7,TRUE
made,529,4,TRUE
fit,527,3,TRUE
facebook,522,8,FALSE
off,522,3,TRUE
hotline,521,7,FALSE
onvif,521,5,FALSE
tnhh,520,4,FALSE
cloud,517,5,TRUE
hotspot,515,7,FALSE
rohs,510,4,FALSE
inbox,508,5,TRUE
charger,507,7,TRUE
face,506,4,TRUE
otype,506,5,FALSE
phai,504,4,FALSE
months,503,6,TRUE
signal,500,6,TRUE
also,499,4,TRUE
xxl,499,3,FALSE
clip,495,4,TRUE
men,494,3,TRUE
distance,490,8,TRUE
fcc,490,3,FALSE
seal,489,4,TRUE
day,487,3,TRUE
uhf,485,3,TRUE
transmission,483,12,TRUE
function,482,8,TRUE
ezviz,480,5,FALSE
toner,480,5,TRUE
imou,478,4,FALSE
source,478,6,TRUE
wcdma,469,5,FALSE
live,468,4,TRUE
fdd,464,3,FALSE
interface,464,9,TRUE
performance,464,11,TRUE
connection,461,10,TRUE
water,461,5,TRUE
need,460,4,TRUE
paraben,457,7,FALSE
etc,454,3,TRUE
retro,453,5,TRUE
test,452,4,TRUE
tilt,449,4,TRUE
gtgt,448,4,FALSE
reflection,446,10,TRUE
calo,445,4,FALSE
atmosphere,443,10,TRUE
concernsda,443,10,FALSE
youtube,441,7,FALSE
axit,438,4,FALSE
top,438,3,TRUE
smartwatch,436,10,TRUE
warm,436,4,TRUE
polyester,435,9,TRUE
digital,433,7,TRUE
gram,433,4,TRUE
lavalier,433,8,FALSE
nsx,430,3,FALSE
length,429,6,TRUE
wired,428,5,TRUE
ota,426,3,FALSE
powered,426,7,TRUE
care,424,4,TRUE
into,424,4,TRUE
compatible,422,10,TRUE
decoration,422,10,TRUE
meters,421,6,TRUE
pinli,419,5,FALSE
remote,418,6,TRUE
garden,416,6,TRUE
great,415,5,TRUE
christmas,414,9,FALSE
gym,414,3,TRUE
hdsd,414,4,FALSE
lamp,414,4,TRUE
oppo,413,4,FALSE
pixels,413,6,TRUE
ohmbattery,412,10,FALSE
out,412,3,TRUE
style,412,5,TRUE
indoor,411,6,TRUE
isolating,411,9,TRUE
experience,410,10,TRUE
nghi,410,4,FALSE
graphene,409,8,FALSE
macbook,409,7,FALSE
camerawifi,405,10,FALSE
used,405,4,TRUE
description,404,11,TRUE
halloween,404,9,FALSE
cardioid,402,8,FALSE
recording,402,9,TRUE
dnr,399,3,FALSE
hspa,399,4,FALSE
panthenol,399,9,FALSE
amazon,398,6,TRUE
speakers,398,8,TRUE
delivery,397,8,TRUE
anti,396,4,TRUE
enjoy,395,5,TRUE
protection,395,10,TRUE
durable,394,7,TRUE
occasions,394,9,TRUE
devices,390,7,TRUE
micuhf,389,6,FALSE
online,387,6,TRUE
typec,387,5,FALSE
body,385,4,TRUE
internet,385,8,TRUE
oil,385,3,TRUE
series,385,6,TRUE
main,384,4,TRUE
short,383,5,TRUE
scp,382,3,FALSE
fairy,381,5,TRUE
open,380,4,TRUE
ipc,379,3,FALSE
melanin,379,7,TRUE
gel,378,3,TRUE
vip,378,3,FALSE
windows,377,7,TRUE
family,375,6,TRUE
touch,375,5,TRUE
user,375,4,TRUE
version,373,7,TRUE
lbs,372,3,TRUE
switch,371,6,TRUE
wish,370,4,TRUE
sodium,369,6,TRUE
two,369,3,TRUE
yoga,369,4,TRUE
line,367,4,TRUE
volume,365,6,TRUE
dimensity,364,9,FALSE
modes,364,5,TRUE
energy,362,6,TRUE
low,362,3,TRUE
during,361,6,TRUE
show,359,4,TRUE
spa,357,3,TRUE
resolution,356,10,TRUE
wide,356,4,TRUE
blue,353,4,TRUE
cell,352,4,TRUE
making,351,6,TRUE
sensitivity,351,11,TRUE
gaming,350,6,TRUE
computer,349,8,TRUE
glycol,348,6,TRUE
designed,347,8,TRUE
lavender,346,8,TRUE
fhd,345,3,FALSE
sku,345,3,FALSE
dwdr,344,4,FALSE
service,343,7,TRUE
ready,341,5,TRUE
way,341,3,TRUE
ktv,339,3,FALSE
brand,338,5,TRUE
tiktok,338,6,FALSE
hoco,336,4,FALSE
level,336,5,TRUE
nylon,336,5,TRUE
extract,335,7,TRUE
just,332,4,TRUE
case,330,4,TRUE
fragrance,330,9,TRUE
hign,329,4,FALSE
connect,328,7,TRUE
working,328,7,TRUE
ghz,326,3,FALSE
fcp,325,3,FALSE
after,324,5,TRUE
choice,324,6,TRUE
skin,323,4,TRUE
ten,323,3,TRUE
like,322,4,TRUE
aliexpress,321,10,FALSE
supply,319,6,TRUE
fashion,318,7,TRUE
instagram,318,9,FALSE
solar,318,5,TRUE
easily,316,6,TRUE
head,316,4,TRUE
mix,316,3,TRUE
parties,315,7,TRUE
port,315,4,TRUE
compact,314,7,TRUE
reset,314,5,TRUE
bar,313,3,TRUE
effect,313,6,TRUE
screen,313,6,TRUE
various,313,7,TRUE
customer,310,8,TRUE
cctv,309,4,FALSE
fidelity,309,8,TRUE
auto,308,4,TRUE
bha,308,3,FALSE
feature,308,7,TRUE
snapdragon,308,10,TRUE
hsd,306,3,FALSE
retinol,306,7,FALSE
ensures,305,7,TRUE
external,305,8,TRUE
tracking,305,8,TRUE
treble,305,6,TRUE
ethernet,304,8,FALSE
npk,303,3,FALSE
wire,302,4,TRUE
base,301,4,TRUE
due,301,3,TRUE
wedding,300,7,TRUE
number,298,6,TRUE
powerbank,298,9,FALSE
create,295,6,TRUE
hatgiong,295,8,FALSE
very,294,4,TRUE
whether,294,7,TRUE
vocal,293,5,TRUE
feet,292,4,TRUE
glow,292,4,TRUE
whatsapp,292,8,FALSE
has,291,3,TRUE
ideal,291,5,TRUE
origin,291,6,TRUE
pattern,291,7,TRUE
tft,291,3,FALSE
afc,290,3,FALSE
small,290,5,TRUE
none,289,4,TRUE
button,288,6,TRUE
impedance,287,9,TRUE
multi,286,5,TRUE
condenser,285,9,TRUE
sms,285,3,FALSE
logo,283,4,TRUE
mah,283,3,FALSE
messenger,283,9,TRUE
shown,283,5,TRUE
large,282,5,TRUE
stable,280,6,TRUE
air,279,3,TRUE
bright,277,6,TRUE
freeship,277,8,FALSE
vivo,277,4,FALSE
original,276,8,TRUE
storage,276,7,TRUE
allantoin,274,9,FALSE
pickup,274,6,TRUE
redmi,274,5,FALSE
sale,274,4,TRUE
hyaluronate,273,11,FALSE
nvr,273,3,FALSE
reliable,273,8,TRUE
agc,272,3,FALSE
ong,272,3,FALSE
work,272,4,TRUE
cnc,271,3,FALSE
every,271,5,TRUE
mac,271,3,TRUE
spandex,271,7,TRUE
crystal,270,7,TRUE
ear,270,3,TRUE
huy,270,3,FALSE
ampoule,269,7,FALSE
arbutin,269,7,FALSE
handheld,269,8,TRUE
mainland,269,8,TRUE
red,269,3,TRUE
such,267,4,TRUE
laser,266,5,TRUE
cut,263,3,TRUE
even,263,4,TRUE
its,263,3,TRUE
adjustable,262,10,TRUE
copper,261,6,TRUE
soft,260,4,TRUE
earbuds,259,7,TRUE
shopee,259,6,FALSE
cameraip,258,8,FALSE
consumption,258,11,TRUE
camerayoosee,257,12,FALSE
decorations,257,11,TRUE
ohmheadphone,257,12,FALSE
receiver,257,8,TRUE
while,257,5,TRUE
playback,256,8,TRUE
voucher,256,7,TRUE
brightness,255,10,TRUE
ebay,255,4,FALSE
snapchat,254,8,FALSE
installation,252,12,TRUE
safe,252,4,TRUE
hat,250,3,TRUE
appearance,249,10,TRUE
less,249,4,TRUE
tablet,249,6,TRUE
convenient,248,10,TRUE
own,248,3,TRUE
device,247,6,TRUE
fully,247,5,TRUE
automatically,246,13,TRUE
gift,246,4,TRUE
reduction,246,9,TRUE
specification,246,13,TRUE
certification,245,13,TRUE
podcast,244,7,TRUE
yes,244,3,TRUE
mouse,243,5,TRUE
these,243,5,TRUE
weight,242,6,TRUE
alarm,240,5,TRUE
anywhere,240,8,TRUE
streaming,240,9,TRUE
simple,239,6,TRUE
monthsdelivery,238,14,FALSE
butylene,237,8,FALSE
green,237,5,TRUE
temperature,237,11,TRUE
aqua,236,4,TRUE
circuit,236,7,TRUE
effectively,236,11,TRUE
icr,236,3,FALSE
ratio,236,5,TRUE
shopping,236,8,TRUE
versatile,236,9,TRUE
back,234,4,TRUE
factory,234,7,TRUE
rechargeable,234,12,TRUE
turn,234,4,TRUE
system,233,6,TRUE
specifications,232,14,TRUE
supports,232,8,TRUE
both,231,4,TRUE
conference,231,10,TRUE
link,231,4,TRUE
peptide,231,7,TRUE
telegram,231,8,TRUE
pink,230,4,TRUE
within,230,6,TRUE
comfort,229,7,TRUE
essence,229,7,TRUE
namphong,229,8,FALSE
patio,229,5,TRUE
using,229,5,TRUE
camerangoaitroi,228,15,FALSE
gen,228,3,TRUE
zoomdung,228,8,FALSE
active,226,6,TRUE
china,226,5,TRUE
ard,225,3,FALSE
cod,225,3,TRUE
lux,225,3,TRUE
sacduphong,225,10,FALSE
snack,225,5,TRUE
capcut,224,6,FALSE
double,224,6,TRUE
progressive,224,11,TRUE
thaobattery,224,11,FALSE
glass,223,5,TRUE
tone,223,4,TRUE
batteries,222,9,TRUE
network,222,7,TRUE
pure,222,4,TRUE
strong,222,6,TRUE
true,222,4,TRUE
effects,221,7,TRUE
surround,221,8,TRUE
wall,221,4,TRUE
fullhd,220,6,FALSE
naminput,220,8,FALSE
room,220,4,TRUE
magsafe,219,7,FALSE
mall,218,4,TRUE
vision,218,6,TRUE
creating,217,8,TRUE
polar,217,5,TRUE
siri,217,4,FALSE
cinput,216,6,FALSE
want,216,4,TRUE
band,215,4,TRUE
stage,215,5,TRUE
amply,214,5,TRUE
blc,214,3,FALSE
echo,213,4,TRUE
hub,213,3,TRUE
picnic,213,6,TRUE
jeanform,212,8,FALSE
microphones,212,11,TRUE
saving,212,6,TRUE
sony,211,4,FALSE
damage,210,6,TRUE
english,210,7,FALSE
indonesia,210,9,FALSE
three,210,5,TRUE
bit,209,3,TRUE
detection,209,9,TRUE
polyurethane,209,12,TRUE
diy,208,3,FALSE
leds,206,4,FALSE
lenovo,206,6,FALSE
through,206,7,TRUE
aha,205,3,TRUE
ahas,205,4,FALSE
baggy,205,5,TRUE
beauty,204,6,TRUE
deca,204,4,FALSE
panel,204,5,TRUE
octa,203,4,FALSE
scene,203,5,TRUE
shape,203,5,TRUE
single,203,6,TRUE
cameragiamsat,202,13,FALSE
clearer,202,7,TRUE
colors,202,6,TRUE
directly,202,8,TRUE
selfie,202,6,TRUE
special,202,7,TRUE
stock,202,5,TRUE
entertainment,201,13,TRUE
remax,201,5,FALSE
zinc,201,4,TRUE
combination,200,11,TRUE
including,200,9,TRUE
magnetic,200,8,TRUE
sensor,200,6,TRUE
space,200,5,TRUE
flexible,199,8,TRUE
lasting,199,7,TRUE
quanjeannam,199,11,FALSE
most,198,4,TRUE
nits,198,4,TRUE
toilet,198,6,TRUE
attention,197,9,TRUE
daskin,197,6,FALSE
lightweight,196,11,TRUE
official,196,8,TRUE
player,196,6,TRUE
birthday,195,8,TRUE
aac,194,3,FALSE
hatgiongtot,194,11,FALSE
livestream,194,10,FALSE
unisex,194,6,TRUE
efficiently,193,11,TRUE
holiday,193,7,TRUE
lag,193,3,TRUE
lung,193,4,TRUE
makes,193,5,TRUE
net,193,3,TRUE
standby,193,7,TRUE
valentine,193,9,TRUE
adjust,192,6,TRUE
beautiful,192,9,TRUE
operating,192,9,TRUE
cream,191,5,TRUE
equipped,191,8,TRUE
operation,191,9,TRUE
cameraanninh,190,12,FALSE
install,190,7,TRUE
motion,190,6,TRUE
office,190,6,TRUE
standard,190,8,TRUE
cameratrongnha,189,14,FALSE
charming,189,8,TRUE
fullbox,189,7,FALSE
meet,189,4,TRUE
memory,189,6,TRUE
universal,189,9,TRUE
phones,188,6,TRUE
salicylic,188,9,FALSE
avoid,187,5,TRUE
reach,187,5,TRUE
stand,187,5,TRUE
they,187,4,TRUE
total,187,5,TRUE
welcome,187,7,TRUE
method,186,6,TRUE
powerful,186,8,TRUE
natural,185,7,TRUE
settings,185,8,TRUE
enhances,184,8,TRUE
allows,183,6,TRUE
cafe,183,4,TRUE
cbrand,183,6,FALSE
elastin,183,7,FALSE
hdmi,183,4,FALSE
hexanediol,183,10,FALSE
precision,183,9,TRUE
simply,183,6,TRUE
bedroom,182,7,TRUE
decorative,182,10,TRUE
film,182,4,TRUE
friendly,182,8,TRUE
hatgionghoa,182,11,FALSE
setracker,182,9,FALSE
snr,182,3,FALSE
always,181,6,TRUE
required,181,8,TRUE
thank,181,5,TRUE
clean,180,5,TRUE
headset,180,7,TRUE
pop,180,3,TRUE
rate,180,4,TRUE
avrcp,179,5,FALSE
but,179,3,TRUE
centella,179,8,FALSE
happy,179,5,TRUE
spot,179,4,TRUE
affect,178,6,TRUE
donghothongminh,178,15,FALSE
leaf,178,4,TRUE
noel,178,4,TRUE
twinkle,178,7,TRUE
bring,177,5,TRUE
communication,177,13,TRUE
hands,177,5,TRUE
multiple,177,8,TRUE
add,176,3,TRUE
dark,176,4,TRUE
dsp,176,3,FALSE
needs,176,5,TRUE
steady,176,6,TRUE
angle,175,5,TRUE
avi,175,3,FALSE
baseus,175,6,FALSE
clock,175,5,TRUE
environment,175,11,TRUE
photo,175,5,TRUE
place,175,5,TRUE
headphone,174,9,TRUE
human,174,5,TRUE
pal,174,3,TRUE
become,173,6,TRUE
current,173,7,TRUE
gom,173,3,FALSE
htc,173,3,FALSE
ppi,173,3,FALSE
qualcomm,173,8,FALSE
safety,173,6,TRUE
usage,173,5,TRUE
background,172,10,TRUE
dock,172,4,TRUE
gpu,172,3,FALSE
mesh,172,4,TRUE
singing,172,7,TRUE
desktop,171,7,TRUE
ntsc,171,4,FALSE
default,169,7,TRUE
flower,169,6,TRUE
pay,169,3,TRUE
questions,169,9,TRUE
shell,169,5,TRUE
vintage,169,7,TRUE
applicable,168,10,TRUE
does,168,4,TRUE
enhanced,168,8,TRUE
favorite,168,8,TRUE
luminous,168,8,TRUE
awb,167,3,FALSE
days,167,4,TRUE
games,167,5,TRUE
gold,167,4,TRUE
nokia,167,5,FALSE
scan,167,4,TRUE
slim,167,4,TRUE
alloy,166,5,TRUE
batches,166,7,TRUE
people,166,6,TRUE
provides,166,8,TRUE
compatibility,165,13,TRUE
earphone,165,8,TRUE
effortlessly,165,12,TRUE
gyro,165,4,TRUE
skincare,165,8,TRUE
subwoofer,164,9,FALSE
timer,164,5,TRUE
approx,163,6,TRUE
directivity,163,11,FALSE
enough,163,6,TRUE
feel,163,4,TRUE
gorilla,163,7,TRUE
fake,162,4,TRUE
khz,162,3,FALSE
nghedj,162,6,FALSE
romantic,162,8,TRUE
team,162,4,TRUE
year,162,4,TRUE
ambiance,161,8,TRUE
conditions,161,10,TRUE
pinduphong,161,10,FALSE
seamless,161,8,TRUE
tpe,161,3,FALSE
alexa,160,5,FALSE
anten,160,5,FALSE
bulbs,160,5,TRUE
date,160,4,TRUE
kali,160,4,FALSE
over,160,4,TRUE
them,160,4,TRUE
advanced,159,8,TRUE
compass,159,7,TRUE
sold,159,4,TRUE
wdr,159,3,FALSE
application,158,11,TRUE
include,158,7,TRUE
louder,158,6,TRUE
connecting,157,10,TRUE
convert,157,7,TRUE
security,157,8,TRUE
apu,156,3,FALSE
daily,156,5,TRUE
hatgiongrau,156,11,FALSE
pack,156,4,TRUE
peptides,156,8,TRUE
pinsacduphong,156,13,FALSE
proximity,156,9,TRUE
wechat,156,6,FALSE
around,155,6,TRUE
calls,155,5,TRUE
cameragiare,155,11,FALSE
ceramide,155,8,FALSE
ensuring,155,8,TRUE
galileo,155,7,FALSE
lazmall,155,7,FALSE
vlog,155,4,FALSE
bulb,154,4,TRUE
chemical,154,8,TRUE
includes,154,8,TRUE
travel,154,6,TRUE
big,153,3,TRUE
ble,153,3,FALSE
burst,153,5,TRUE
each,153,4,TRUE
glycolic,153,8,FALSE
hello,153,5,TRUE
poe,153,3,FALSE
ascorbic,152,8,FALSE
protocol,152,8,TRUE
software,152,8,TRUE
directional,151,11,TRUE
laihai,151,6,FALSE
thin,151,4,TRUE
alpha,150,5,TRUE
ball,150,4,TRUE
code,150,4,TRUE
dahua,150,5,FALSE
lawn,150,4,TRUE
resistant,150,9,TRUE
solution,150,8,TRUE
concerned,149,9,TRUE
filter,149,6,TRUE
rated,149,5,TRUE
bump,148,4,TRUE
choose,148,6,TRUE
phenoxyethanol,148,14,FALSE
protector,148,9,TRUE
setting,148,7,TRUE
avoids,147,6,TRUE
cplug,147,5,FALSE
hikvision,147,9,FALSE
skinny,147,6,TRUE
via,147,3,TRUE
waves,147,5,TRUE
atm,146,3,FALSE
microusb,146,8,FALSE
micvhf,146,6,FALSE
peel,146,4,TRUE
stream,146,6,TRUE
tinhdauthomphong,146,16,FALSE
allow,145,5,TRUE
bai,145,3,FALSE
beta,145,4,TRUE
camerachinhhang,145,15,FALSE
comes,145,5,TRUE
supported,145,9,TRUE
slow,144,4,TRUE
surface,144,7,TRUE
tpu,144,3,FALSE
under,144,5,TRUE
acrylic,143,7,TRUE
assistant,143,9,TRUE
enc,143,3,TRUE
hanging,143,7,TRUE
ieee,143,4,FALSE
providing,143,9,TRUE
tree,143,4,TRUE
world,143,5,TRUE
blackberry,142,10,TRUE
complex,142,7,TRUE
convenience,142,11,TRUE
differences,142,11,TRUE
hfp,142,3,FALSE
intelligent,142,11,TRUE
lens,142,4,TRUE
oled,142,4,FALSE
charged,141,7,TRUE
connectivity,141,12,TRUE
fire,141,4,TRUE
outdoors,141,8,TRUE
wonderful,141,9,TRUE
accelerometer,140,13,FALSE
anc,140,3,FALSE
follow,140,6,TRUE
hybrid,140,6,TRUE
wash,140,4,TRUE
cross,139,5,TRUE
flashlight,139,10,TRUE
mate,139,4,TRUE
maximum,139,7,TRUE
panorama,139,8,TRUE
protein,139,7,TRUE
reverse,139,7,TRUE
carry,138,5,TRUE
effective,138,9,TRUE
slot,138,4,TRUE
chasing,137,7,TRUE
orange,137,6,TRUE
comfortable,136,11,TRUE
icsee,136,5,FALSE
listening,136,9,TRUE
market,136,6,TRUE
month,136,5,TRUE
reduce,136,6,TRUE
sturdy,136,6,TRUE
who,136,3,TRUE
barometer,135,9,TRUE
chain,135,5,TRUE
discount,135,8,TRUE
silica,135,6,TRUE
circumaural,134,11,FALSE
edta,134,4,FALSE
giu,134,3,FALSE
materials,134,9,TRUE
seeds,134,5,TRUE
silver,134,6,TRUE
tranexamic,134,10,FALSE
adenosine,133,9,FALSE
amplifier,133,9,TRUE
hatgiongchatluong,133,17,FALSE
living,133,6,TRUE
premium,133,7,TRUE
shipment,133,8,TRUE
shooting,133,8,TRUE
unit,133,4,TRUE
classic,132,7,TRUE
dimmable,132,8,FALSE
events,132,6,TRUE
friends,132,7,TRUE
interference,132,12,TRUE
sleep,132,5,TRUE
excellent,131,9,TRUE
monitoring,131,10,TRUE
packed,131,6,TRUE
platform,131,8,TRUE
adds,130,4,TRUE
analog,130,6,TRUE
between,130,7,TRUE
delay,130,5,TRUE
organic,130,7,TRUE
take,130,4,TRUE
unique,130,6,TRUE
allowing,129,8,TRUE
fabric,129,6,TRUE
jerry,129,5,FALSE
many,129,4,TRUE
polyme,129,6,FALSE
realme,129,6,FALSE
replaced,129,8,TRUE
diameter,128,8,TRUE
pocket,128,6,TRUE
typewifi,128,8,FALSE
backup,127,6,TRUE
cables,127,6,TRUE
camerahongngoai,127,15,FALSE
dac,127,3,FALSE
propanediol,127,11,FALSE
say,127,3,TRUE
consult,126,7,TRUE
hydrolyzed,126,10,TRUE
mood,126,4,TRUE
ohm,126,3,TRUE
piece,126,5,TRUE
properly,126,8,TRUE
rpp,126,3,FALSE
skype,126,5,FALSE
smooth,126,6,TRUE
window,126,6,TRUE
camerakhongday,125,14,FALSE
health,125,6,TRUE
ordinary,125,8,TRUE
quantity,125,8,TRUE
spotlight,125,9,TRUE
ethylhexylglycerin,124,18,FALSE
glutathione,124,11,FALSE
hatgiongraucuqua,124,16,FALSE
works,124,5,TRUE
board,123,5,TRUE
citric,123,6,TRUE
mpkhe,123,5,FALSE
stk,123,3,FALSE
viettel,123,7,FALSE
corning,122,7,TRUE
crafted,122,7,TRUE
dome,122,4,TRUE
everyday,122,8,TRUE
fade,122,4,TRUE
hydrat,122,6,FALSE
last,122,4,TRUE
modeyesinput,122,12,FALSE
ngoa,122,4,FALSE
pir,122,3,FALSE
places,122,6,TRUE
rose,122,4,TRUE
tinhdaunguyenchat,122,17,FALSE
upgraded,122,8,TRUE
usa,122,3,FALSE
checked,121,7,TRUE
disodium,121,8,FALSE
enhance,121,7,TRUE
looking,121,7,TRUE
worry,121,5,TRUE
yard,121,4,TRUE
better,120,6,TRUE
delivers,120,8,TRUE
fails,120,5,TRUE
helio,120,5,FALSE
inchesdung,120,10,FALSE
mtv,120,3,FALSE
optional,120,8,TRUE
porch,120,5,TRUE
root,120,4,TRUE
alcohol,119,7,TRUE
cap,119,3,TRUE
cover,119,5,TRUE
fresh,119,5,TRUE
lite,119,4,TRUE
pentylene,119,9,FALSE
printed,119,7,TRUE
weather,119,7,TRUE
asiatica,118,8,FALSE
automatic,118,9,TRUE
brilliant,118,9,TRUE
chinese,118,7,FALSE
degree,118,6,TRUE
difference,118,10,TRUE
ois,118,3,FALSE
stylish,118,7,TRUE
twitter,118,7,TRUE
balo,117,4,FALSE
beidou,117,6,FALSE
decorating,117,10,TRUE
jbl,117,3,FALSE
kit,117,3,TRUE
mount,117,5,TRUE
ranger,117,6,TRUE
weee,117,4,FALSE
adaptor,116,7,FALSE
asus,116,4,FALSE
booster,116,7,TRUE
grade,116,5,TRUE
hand,116,4,TRUE
monitor,116,7,TRUE
pcs,116,3,FALSE
spf,116,3,FALSE
splitter,116,8,FALSE
text,116,4,TRUE
zin,116,3,FALSE
iso,115,3,FALSE
lige,115,4,FALSE
menu,115,4,TRUE
occasion,115,8,TRUE
pictures,115,8,TRUE
pisen,115,5,FALSE
pls,115,3,FALSE
betaine,114,7,FALSE
brightening,114,11,TRUE
colorful,114,8,TRUE
durability,114,10,TRUE
electronic,114,10,TRUE
favorable,114,9,TRUE
guarantee,114,9,TRUE
jojoba,114,6,TRUE
machine,114,7,TRUE
pants,114,5,TRUE
repair,114,6,TRUE
retinoid,114,8,FALSE
tocopherol,114,10,FALSE
treatment,114,9,TRUE
esim,113,4,FALSE
neon,113,4,TRUE
protect,113,7,TRUE
speed,113,5,TRUE
weddings,113,8,TRUE
aroma,112,5,TRUE
greater,112,7,TRUE
nilon,112,5,FALSE
peg,112,3,TRUE
process,112,7,TRUE
quanjean,112,8,FALSE
table,112,5,TRUE
thanks,112,6,TRUE
variety,112,7,TRUE
area,111,4,TRUE
ensure,111,6,TRUE
fitness,111,7,TRUE
front,111,5,TRUE
headphones,111,10,TRUE
hsp,111,3,FALSE
improve,111,7,TRUE
rooms,111,5,TRUE
sbc,111,3,FALSE
sports,111,6,TRUE
view,111,4,TRUE
vocalism,111,8,FALSE
aod,110,3,FALSE
artificial,110,10,TRUE
gardens,110,7,TRUE
quest,110,5,TRUE
talk,110,4,TRUE
texture,110,7,TRUE
transparent,110,11,TRUE
carbomer,109,8,FALSE
clarity,109,7,TRUE
download,109,8,TRUE
kids,109,4,TRUE
playing,109,7,TRUE
squalane,109,8,FALSE
border,108,6,TRUE
cameramini,108,10,FALSE
earphones,108,9,TRUE
meta,108,4,TRUE
next,108,4,TRUE
slight,108,6,TRUE
tapo,108,4,FALSE
functions,107,9,TRUE
greatest,107,8,TRUE
hatgionguytin,107,13,FALSE
multifunctional,107,15,FALSE
omni,107,4,FALSE
setup,107,5,TRUE
sun,107,3,TRUE
australia,106,9,FALSE
car,106,3,TRUE
chrome,106,6,TRUE
discounts,106,9,TRUE
operated,106,8,TRUE
rtsp,106,4,FALSE
dhcp,105,4,FALSE
giare,105,5,FALSE
gray,105,4,TRUE
kichrecay,105,9,FALSE
pad,105,3,TRUE
shure,105,5,FALSE
trangform,105,9,FALSE
trees,105,5,TRUE
class,104,5,TRUE
crosspolymer,104,12,FALSE
edr,104,3,FALSE
efficient,104,9,TRUE
gate,104,4,TRUE
heart,104,5,TRUE
heat,104,4,TRUE
lotion,104,6,TRUE
macro,104,5,TRUE
ppg,104,3,FALSE
wear,104,4,TRUE
aaa,103,3,FALSE
amber,103,5,TRUE
children,103,8,TRUE
kichmocmam,103,10,FALSE
moisture,103,8,TRUE
put,103,3,TRUE
straight,103,8,TRUE
tea,103,3,TRUE
amp,102,3,TRUE
boy,102,3,TRUE
dep,102,3,FALSE
modern,102,6,TRUE
omnidirectional,102,15,FALSE
oneplus,102,7,FALSE
prop,102,4,TRUE
right,102,5,TRUE
ring,102,4,TRUE
wav,102,3,FALSE
basic,101,5,TRUE
beads,101,5,TRUE
hip,101,3,TRUE
male,101,4,TRUE
meter,101,5,TRUE
oxi,101,3,FALSE
qhd,101,3,FALSE
realistic,101,9,TRUE
usbbrand,101,8,FALSE
well,101,4,TRUE
baby,100,4,TRUE
capacitive,100,10,FALSE
carton,100,6,TRUE
compatibilityacer,100,17,FALSE
cosmetics,100,9,TRUE
cruiser,100,7,TRUE
donghodinhvi,100,12,FALSE
expansion,100,9,TRUE
kichrahoa,100,9,FALSE
options,100,7,TRUE
record,100,6,TRUE
review,100,6,TRUE
give,99,4,TRUE
instant,99,7,TRUE
modeyesdung,99,11,FALSE
widely,99,6,TRUE
attached,98,8,TRUE
eac,98,3,FALSE
len,98,3,FALSE
meeting,98,7,TRUE
offers,98,6,TRUE
press,98,5,TRUE
tough,98,5,TRUE
vani,98,4,FALSE
areas,97,5,TRUE
bringing,97,8,TRUE
camping,97,7,TRUE
dns,97,3,FALSE
education,97,9,TRUE
equipment,97,9,TRUE
extended,97,8,TRUE
key,97,3,TRUE
perfectly,97,9,TRUE
acne,96,4,TRUE
denxongtinhdau,96,14,FALSE
extra,96,5,TRUE
flux,96,4,TRUE
glucan,96,6,FALSE
glyceryl,96,8,FALSE
latest,96,6,TRUE
mecha,96,5,FALSE
pps,96,3,FALSE
quanbonam,96,9,FALSE
sectors,96,7,TRUE
sense,96,5,TRUE
sequential,96,10,TRUE
slightly,96,8,TRUE
start,96,5,TRUE
zhou,96,4,FALSE
accessories,95,11,TRUE
calculator,95,10,TRUE
caprylyl,95,8,FALSE
click,95,5,TRUE
cool,95,4,TRUE
featuring,95,9,TRUE
loudspeaker,95,11,TRUE
oem,95,3,FALSE
requirements,95,12,TRUE
rich,95,4,TRUE
rumani,95,6,FALSE
calendar,94,8,TRUE
cameraaole,94,10,FALSE
cherry,94,6,TRUE
electric,94,8,TRUE
hydrogenated,94,12,TRUE
lossless,94,8,TRUE
mhz,94,3,FALSE
offering,94,8,TRUE
xlr,94,3,FALSE
camerathongminh,93,15,FALSE
castle,93,6,TRUE
codec,93,5,FALSE
end,93,3,TRUE
fun,93,3,TRUE
malaysia,93,8,FALSE
mixer,93,5,TRUE
sensitive,93,9,TRUE
tcp,93,3,FALSE
ukraina,93,7,FALSE
vstarcam,93,8,FALSE
balance,92,7,TRUE
exynos,92,6,FALSE
mbps,92,4,FALSE
mid,92,3,TRUE
navigation,92,10,TRUE
trend,92,5,TRUE
viscose,92,7,TRUE
build,91,5,TRUE
collect,91,7,TRUE
eye,91,3,TRUE
garmin,91,6,FALSE
popular,91,7,TRUE
seed,91,4,TRUE
transducer,91,10,TRUE
wekome,91,6,FALSE
aluminum,90,8,TRUE
fome,90,4,FALSE
scenarios,90,9,TRUE
stick,90,5,TRUE
anker,89,5,FALSE
astaxanthin,89,11,FALSE
deal,89,4,TRUE
environmental,89,13,TRUE
look,89,4,TRUE
pleasant,89,8,TRUE
save,89,4,TRUE
self,89,4,TRUE
sport,89,5,TRUE
street,89,6,TRUE
tech,89,4,TRUE
touchscreen,89,11,TRUE
translator,89,10,TRUE
vina,89,4,FALSE
actual,88,6,TRUE
carbon,88,6,TRUE
cellulose,88,9,TRUE
direction,88,9,TRUE
fine,88,4,TRUE
location,88,8,TRUE
qzss,88,4,FALSE
achieve,87,7,TRUE
adaptive,87,8,TRUE
ascorbyl,87,8,FALSE
ebook,87,5,FALSE
festive,87,7,TRUE
http,87,4,FALSE
jinpinsheng,87,11,FALSE
namdelivery,87,11,FALSE
performances,87,12,TRUE
propylene,87,9,FALSE
superior,87,8,TRUE
capture,86,7,TRUE
change,86,6,TRUE
creates,86,7,TRUE
dada,86,4,FALSE
gravity,86,7,TRUE
let,86,3,TRUE
processing,86,10,TRUE
shake,86,5,TRUE
udp,86,3,FALSE
aliwangwang,85,11,FALSE
chinhhang,85,9,FALSE
continuous,85,10,TRUE
desired,85,7,TRUE
dunhuang,85,8,FALSE
immersive,85,9,TRUE
min,85,3,TRUE
multilingual,85,12,TRUE
pairing,85,7,TRUE
remove,85,6,TRUE
seri,85,4,FALSE
solid,85,5,TRUE
theater,85,7,TRUE
their,85,5,TRUE
whitening,85,9,TRUE
acetyl,84,6,TRUE
book,84,4,TRUE
deep,84,4,TRUE
feeling,84,7,TRUE
infant,84,6,TRUE
minutes,84,7,TRUE
parameters,84,10,TRUE
podcasting,84,10,TRUE
rado,84,4,FALSE
spring,84,6,TRUE
starry,84,6,TRUE
vali,84,4,FALSE
vga,84,3,FALSE
beautification,83,14,TRUE
capsule,83,7,TRUE
definition,83,10,TRUE
dry,83,3,TRUE
ftp,83,3,TRUE
hatgiongtrongrau,83,16,FALSE
image,83,5,TRUE
sales,83,5,TRUE
since,83,5,TRUE
uhd,83,3,FALSE
viewer,83,6,TRUE
boombox,82,7,TRUE
dimension,82,9,TRUE
distortion,82,10,TRUE
essager,82,7,FALSE
fantastic,82,9,TRUE
hagiongrau,82,10,FALSE
inclusive,82,9,TRUE
keep,82,4,TRUE
match,82,5,TRUE
silk,82,4,TRUE
vilineng,82,8,FALSE
wet,82,3,TRUE
wind,82,4,TRUE
according,81,9,TRUE
amin,81,4,FALSE
connector,81,9,TRUE
flames,81,6,TRUE
instruction,81,11,TRUE
instructions,81,12,TRUE
iph,81,3,FALSE
madecassoside,81,13,FALSE
titan,81,5,TRUE
cancellation,80,12,TRUE
channels,80,8,TRUE
degrees,80,7,TRUE
drivers,80,7,TRUE
flame,80,5,TRUE
gradient,80,8,TRUE
module,80,6,TRUE
pca,80,3,FALSE
piano,80,5,TRUE
position,80,8,TRUE
pubg,80,4,FALSE
same,80,4,TRUE
school,80,6,TRUE
tag,80,3,TRUE
uses,80,4,TRUE
address,79,7,TRUE
airpods,79,7,FALSE
applications,79,12,TRUE
assembly,79,8,TRUE
bill,79,4,TRUE
computers,79,9,TRUE
cortex,79,6,TRUE
flashing,79,8,TRUE
ground,79,6,TRUE
help,79,4,TRUE
mobi,79,4,FALSE
namhome,79,7,FALSE
pcm,79,3,FALSE
square,79,6,TRUE
sunlight,79,8,TRUE
typeusinput,79,11,FALSE
yellow,79,6,TRUE
addition,78,8,TRUE
bracket,78,7,TRUE
glassestelescope,78,16,FALSE
ingredients,78,11,TRUE
lapel,78,5,TRUE
microkaraoke,78,12,FALSE
micthuam,78,8,FALSE
regular,78,7,TRUE
shaped,78,6,TRUE
access,77,6,TRUE
copolymer,77,9,FALSE
facial,77,6,TRUE
gmail,77,5,FALSE
rock,77,4,TRUE
systems,77,7,TRUE
tie,77,3,TRUE
zhongke,77,7,FALSE
based,76,5,TRUE
etl,76,3,FALSE
fantasy,76,7,TRUE
fruit,76,5,TRUE
general,76,7,TRUE
ginseng,76,7,TRUE
ibox,76,4,FALSE
lily,76,4,TRUE
middle,76,6,TRUE
much,76,4,TRUE
reverb,76,6,TRUE
san,76,3,FALSE
straps,76,6,TRUE
tablets,76,7,TRUE
wherever,76,8,TRUE
alike,75,5,TRUE
arabic,75,6,FALSE
asia,75,4,FALSE
authorized,75,10,TRUE
bone,75,4,TRUE
boost,75,5,TRUE
brands,75,6,TRUE
cameraezviz,75,11,FALSE
compression,75,11,TRUE
door,75,4,TRUE
giving,75,6,TRUE
horizontal,75,10,TRUE
inovo,75,5,FALSE
polysorbate,75,11,FALSE
sync,75,4,TRUE
website,75,7,TRUE
adreno,74,6,FALSE
apply,74,5,TRUE
available,74,9,TRUE
being,74,5,TRUE
burn,74,4,TRUE
campfire,74,8,TRUE
channel,74,7,TRUE
conduction,74,10,TRUE
crisp,74,5,TRUE
enhancing,74,9,TRUE
glucoside,74,9,FALSE
hydroxide,74,9,TRUE
lcdkhe,74,6,FALSE
mali,74,4,FALSE
microsoft,74,9,FALSE
modem,74,5,TRUE
moon,74,4,TRUE
pedometer,74,9,TRUE
spl,74,3,FALSE
surveillance,74,12,TRUE
tiltnight,74,9,FALSE
timing,74,6,TRUE
enchanting,73,10,TRUE
ethyl,73,5,TRUE
hilton,73,6,FALSE
imei,73,4,FALSE
lipid,73,5,TRUE
nbsp,73,4,FALSE
posay,73,5,FALSE
produces,73,8,TRUE
sampling,73,8,TRUE
some,73,4,TRUE
spray,73,5,TRUE
streamer,73,8,TRUE
adjustment,72,10,TRUE
beach,72,5,TRUE
blutooth,72,8,FALSE
chains,72,6,TRUE
composite,72,9,TRUE
courtyard,72,9,TRUE
density,72,7,TRUE
flagship,72,8,TRUE
freely,72,6,TRUE
indicator,72,9,TRUE
mpx,72,3,FALSE
processor,72,9,TRUE
roche,72,5,FALSE
sling,72,5,TRUE
smartphones,72,11,TRUE
upgradable,72,10,FALSE
adding,71,6,TRUE
adults,71,6,TRUE
benq,71,4,FALSE
could,71,5,TRUE
decorate,71,8,TRUE
disco,71,5,TRUE
electricity,71,11,TRUE
hazard,71,6,TRUE
iii,71,3,TRUE
once,71,4,TRUE
ows,71,3,FALSE
pair,71,4,TRUE
speech,71,6,TRUE
tee,71,3,TRUE
traditional,71,11,TRUE
vanilla,71,7,TRUE
waist,71,5,TRUE
youth,71,5,TRUE
ama,70,3,FALSE
ambient,70,7,TRUE
answer,70,6,TRUE
bottom,70,6,TRUE
farm,70,4,TRUE
fences,70,6,TRUE
gain,70,4,TRUE
hebrew,70,6,FALSE
korea,70,5,FALSE
lecithin,70,8,TRUE
lumens,70,6,FALSE
money,70,5,TRUE
mounting,70,8,TRUE
props,70,5,TRUE
robot,70,5,TRUE
side,70,4,TRUE
sll,70,3,FALSE
where,70,5,TRUE
wma,70,3,FALSE
acetate,69,7,TRUE
bedrooms,69,8,TRUE
beds,69,4,TRUE
connected,69,9,TRUE
ecg,69,3,FALSE
electrical,69,10,TRUE
event,69,5,TRUE
flexibility,69,11,TRUE
generation,69,10,TRUE
gmp,69,3,FALSE
hdtv,69,4,FALSE
liquid,69,6,TRUE
ohms,69,4,TRUE
point,69,5,TRUE
reliability,69,11,TRUE
station,69,7,TRUE
stay,69,4,TRUE
times,69,5,TRUE
adopts,68,6,TRUE
adverse,68,7,TRUE
aging,68,5,TRUE
companion,68,9,TRUE
die,68,3,TRUE
formula,68,7,TRUE
group,68,5,TRUE
had,68,3,TRUE
handmade,68,8,TRUE
house,68,5,TRUE
ice,68,3,TRUE
jacks,68,5,TRUE
levels,68,6,TRUE
listen,68,6,TRUE
natri,68,5,FALSE
omini,68,5,FALSE
tweeter,68,7,TRUE
bowl,67,4,TRUE
dell,67,4,TRUE
dungeon,67,7,TRUE
edge,67,4,TRUE
firefox,67,7,FALSE
garland,67,7,TRUE
guitar,67,6,TRUE
holder,67,6,TRUE
medieval,67,8,TRUE
mystical,67,8,TRUE
nights,67,6,TRUE
overlook,67,8,TRUE
pdaf,67,4,FALSE
pole,67,4,TRUE
relaxing,67,8,TRUE
respective,67,10,TRUE
significance,67,12,TRUE
slots,67,5,TRUE
suspended,67,9,TRUE
sweet,67,5,TRUE
acrylate,66,8,FALSE
age,66,3,TRUE
arginine,66,8,TRUE
been,66,4,TRUE
broadcast,66,9,TRUE
cameraimou,66,10,FALSE
church,66,6,TRUE
cozy,66,4,TRUE
diaphragm,66,9,TRUE
down,66,4,TRUE
eco,66,3,FALSE
enables,66,7,TRUE
goods,66,5,TRUE
gradual,66,7,TRUE
longer,66,6,TRUE
loop,66,4,TRUE
love,66,4,TRUE
magic,66,5,TRUE
microled,66,8,FALSE
must,66,4,TRUE
mute,66,4,TRUE
nicotinamide,66,12,FALSE
olive,66,5,TRUE
patios,66,6,TRUE
perlite,66,7,FALSE
reception,66,9,TRUE
sensing,66,7,TRUE
tribat,66,6,FALSE
uninterrupted,66,13,TRUE
vibrant,66,7,TRUE
what,66,4,TRUE
dipotassium,65,11,FALSE
festival,65,8,TRUE
format,65,6,TRUE
honor,65,5,TRUE
hotel,65,5,TRUE
information,65,11,TRUE
ipod,65,4,FALSE
matching,65,8,TRUE
nominal,65,7,TRUE
practical,65,9,TRUE
purple,65,6,TRUE
vhf,65,3,TRUE
zeallion,65,8,FALSE
antenna,64,7,TRUE
construction,64,12,TRUE
converter,64,9,TRUE
environments,64,12,TRUE
find,64,4,TRUE
horn,64,4,TRUE
japan,64,5,TRUE
mind,64,4,TRUE
oreal,64,5,FALSE
rotate,64,6,TRUE
tdd,64,3,FALSE
tips,64,4,TRUE
titanium,64,8,TRUE
vertical,64,8,TRUE
whole,64,5,TRUE
anytime,63,7,TRUE
bigsize,63,7,FALSE
certificate,63,11,TRUE
cica,63,4,FALSE
daradiance,63,10,FALSE
four,63,4,TRUE
gatherings,63,10,TRUE
guide,63,5,TRUE
lactic,63,6,TRUE
notes,63,5,TRUE
packaging,63,9,TRUE
playtime,63,8,TRUE
potassium,63,9,TRUE
qui,63,3,FALSE
rms,63,3,FALSE
screws,63,6,TRUE
steel,63,5,TRUE
track,63,5,TRUE
twinkling,63,9,TRUE
vention,63,7,FALSE
withstand,63,9,TRUE
attributes,62,10,TRUE
away,62,4,TRUE
canada,62,6,FALSE
casual,62,6,TRUE
ceramides,62,9,FALSE
ddns,62,4,FALSE
deliver,62,7,TRUE
growntech,62,9,FALSE
indoors,62,7,TRUE
interviews,62,10,TRUE
jasmine,62,7,TRUE
mono,62,4,TRUE
never,62,5,TRUE
packing,62,7,TRUE
porches,62,7,TRUE
quatest,62,7,FALSE
summer,62,6,TRUE
tam,62,3,TRUE
tele,62,4,FALSE
tocopheryl,62,10,FALSE
ukca,62,4,FALSE
able,61,4,TRUE
androi,61,6,FALSE
classical,61,9,TRUE
clearly,61,7,TRUE
edition,61,7,TRUE
enzyme,61,6,TRUE
fence,61,5,TRUE
immediately,61,11,TRUE
infrared,61,8,TRUE
magical,61,7,TRUE
nag,61,3,TRUE
ntp,61,3,FALSE
officinalis,61,11,FALSE
old,61,3,TRUE
part,61,4,TRUE
reducing,61,8,TRUE
selling,61,7,TRUE
starlight,61,9,TRUE
stickers,61,8,TRUE
structure,61,9,TRUE
ultrakhe,61,8,FALSE
uvb,61,3,FALSE
violet,61,6,TRUE
acoustic,60,8,TRUE
activities,60,10,TRUE
actually,60,8,TRUE
compatibilityapple,60,18,FALSE
cpower,60,6,FALSE
dvd,60,3,FALSE
easier,60,6,TRUE
italy,60,5,FALSE
list,60,4,TRUE
ltd,60,3,TRUE
makeup,60,6,TRUE
micmicro,60,8,FALSE
niken,60,5,FALSE
outside,60,7,TRUE
season,60,6,TRUE
services,60,8,TRUE
sponge,60,6,TRUE
suit,60,4,TRUE
upgrade,60,7,TRUE
ven,60,3,FALSE
vnxk,60,4,FALSE
aloe,59,4,TRUE
arm,59,3,TRUE
barrier,59,7,TRUE
category,59,8,TRUE
complete,59,8,TRUE
cup,59,3,TRUE
denled,59,6,FALSE
dimethicone,59,11,FALSE
dvr,59,3,FALSE
elevate,59,7,TRUE
energizer,59,9,TRUE
firefly,59,7,TRUE
gnss,59,4,FALSE
golden,59,6,TRUE
imported,59,8,TRUE
juice,59,5,TRUE
linux,59,5,FALSE
normal,59,6,TRUE
placket,59,7,TRUE
pond,59,4,TRUE
requires,59,8,TRUE
shine,59,5,TRUE
simultaneously,59,14,TRUE
slimfit,59,7,FALSE
soothing,59,8,TRUE
stars,59,5,TRUE
transmitter,59,11,TRUE
trehalose,59,9,FALSE
accent,58,6,TRUE
art,58,3,TRUE
boxes,58,5,TRUE
capric,58,6,FALSE
chplay,58,6,FALSE
cloudplay,58,9,FALSE
dance,58,5,TRUE
dna,58,3,FALSE
donot,58,5,FALSE
express,58,7,TRUE
hatgionggiasi,58,13,FALSE
management,58,10,TRUE
noice,58,5,FALSE
olightning,58,10,FALSE
others,58,6,TRUE
parfum,58,6,FALSE
particularly,58,12,TRUE
prime,58,5,TRUE
profile,58,7,TRUE
purchase,58,8,TRUE
running,58,7,TRUE
soundcard,58,9,FALSE
suction,58,7,TRUE
today,58,5,TRUE
winters,58,7,TRUE
additional,57,10,TRUE
balconies,57,9,TRUE
bendable,57,8,TRUE
birthdays,57,9,TRUE
dolby,57,5,FALSE
dslr,57,4,FALSE
eliminate,57,9,TRUE
france,57,6,FALSE
gorgeous,57,8,TRUE
humidity,57,8,TRUE
lanxun,57,6,FALSE
media,57,5,TRUE
mun,57,3,TRUE
needed,57,6,TRUE
ocean,57,5,TRUE
paris,57,5,FALSE
private,57,7,TRUE
pump,57,4,TRUE
rain,57,4,TRUE
impressive,57,10,TRUE
songs,57,5,TRUE
standards,57,9,TRUE
stop,57,4,TRUE
wiring,57,6,TRUE
aesthetic,56,9,TRUE
caprylic,56,8,FALSE
celebrations,56,12,TRUE
continue,56,8,TRUE
daytime,56,7,TRUE
disk,56,4,TRUE
functionality,56,13,TRUE
hlc,56,3,FALSE
pearl,56,5,TRUE
privacy,56,7,TRUE
realtek,56,7,FALSE
restaurants,56,11,TRUE
triglyceride,56,12,TRUE
usbplug,56,7,FALSE
usda,56,4,FALSE
viewing,56,7,TRUE
alba,55,4,FALSE
bullet,55,6,TRUE
charm,55,5,TRUE
corticoid,55,9,FALSE
creators,55,8,TRUE
demand,55,6,TRUE
enable,55,6,TRUE
equal,55,5,TRUE
faster,55,6,TRUE
insert,55,6,TRUE
interview,55,9,TRUE
iosbattery,55,10,FALSE
lamps,55,5,TRUE
multicolor,55,10,FALSE
offer,55,5,TRUE
palmitoyl,55,9,FALSE
quickly,55,7,TRUE
supercardioid,55,13,FALSE
wpa,55,3,FALSE
wrapped,55,7,TRUE
business,54,8,TRUE
castor,54,6,TRUE
changing,54,8,TRUE
cute,54,4,TRUE
female,54,6,TRUE
fnkvision,54,9,FALSE
hdd,54,3,FALSE
hope,54,4,TRUE
hydroxyacetophenone,54,19,FALSE
local,54,5,TRUE
namnight,54,8,FALSE
notebook,54,8,TRUE
peach,54,5,TRUE
produce,54,7,TRUE
rach,54,4,FALSE
rating,54,6,TRUE
sapphire,54,8,TRUE
sfcp,54,4,FALSE
shower,54,6,TRUE
sleeping,54,8,TRUE
sticks,54,6,TRUE
tripeptide,54,10,FALSE
typ,54,3,FALSE
ultimate,54,8,TRUE
vcamera,54,7,FALSE
wires,54,5,TRUE
balcony,53,7,TRUE
breaking,53,8,TRUE
capacitydefaultbluetooth,53,24,FALSE
coffee,53,6,TRUE
components,53,10,TRUE
cord,53,4,TRUE
cosmetic,53,8,TRUE
diagonal,53,8,TRUE
disney,53,6,FALSE
drive,53,5,TRUE
dropshipping,53,12,FALSE
eight,53,5,TRUE
elegant,53,7,TRUE
fits,53,4,TRUE
flat,53,4,TRUE
glycyrrhizate,53,13,FALSE
graphicphong,53,12,FALSE
hydrating,53,9,TRUE
icmp,53,4,FALSE
major,53,5,TRUE
matter,53,6,TRUE
models,53,6,TRUE
pool,53,4,TRUE
screw,53,5,TRUE
sky,53,3,TRUE
sleek,53,5,TRUE
smd,53,3,FALSE
smtp,53,4,FALSE
specially,53,9,TRUE
step,53,4,TRUE
tab,53,3,TRUE
thd,53,3,FALSE
tulip,53,5,TRUE
vary,53,4,TRUE
vibe,53,4,TRUE
xps,53,3,FALSE
atonik,52,6,FALSE
befores,52,7,FALSE
camellia,52,8,TRUE
cameras,52,7,TRUE
cholesterol,52,11,TRUE
dipropylene,52,11,FALSE
eyeballs,52,8,TRUE
featured,52,8,TRUE
illumination,52,12,TRUE
integrated,52,10,TRUE
legged,52,6,TRUE
master,52,6,TRUE
nature,52,6,TRUE
notification,52,12,TRUE
operate,52,7,TRUE
palm,52,4,TRUE
peaceful,52,8,TRUE
personal,52,8,TRUE
pillow,52,6,TRUE
region,52,6,TRUE
sharp,52,5,TRUE
shock,52,5,TRUE
stability,52,9,TRUE
types,52,5,TRUE
versatility,52,11,TRUE
vocals,52,6,TRUE
zip,52,3,TRUE
alcatel,51,7,FALSE
canxi,51,5,FALSE
chargingcamera,51,14,FALSE
come,51,4,TRUE
contrast,51,8,TRUE
curtain,51,7,TRUE
dencay,51,6,FALSE
effortless,51,10,TRUE
enhancement,51,11,TRUE
file,51,4,TRUE
glycine,51,7,FALSE
golf,51,4,TRUE
halal,51,5,TRUE
optimal,51,7,TRUE
patch,51,5,TRUE
patterns,51,8,TRUE
radiance,51,8,TRUE
res,51,3,TRUE
six,51,3,TRUE
stearate,51,8,FALSE
takes,51,5,TRUE
usd,51,3,FALSE
yody,51,4,FALSE
ace,50,3,TRUE
center,50,6,TRUE
detail,50,6,TRUE
eelhoe,50,6,FALSE
especially,50,10,TRUE
extender,50,8,TRUE
focal,50,5,TRUE
glucosamine,50,11,FALSE
how,50,3,TRUE
hungary,50,7,FALSE
hydroquinone,50,12,FALSE
invoice,50,7,TRUE
meso,50,4,FALSE
mirror,50,6,TRUE
precise,50,7,TRUE
presented,50,9,TRUE
psk,50,3,FALSE
recorder,50,8,TRUE
sacduphongchinhhang,50,19,FALSE
shot,50,4,TRUE
slovak,50,6,FALSE
thunderbolt,50,11,TRUE
vita,50,4,TRUE
woofer,50,6,TRUE



