STT,Diễn viên,Link_Wikipedia,Họ và tên,Ngày sinh,Quốc tịch,Nghề nghiệp,Năm hoạt động,Link ảnh
1,Thu Trang,https://vi.wikipedia.org/wiki/Thu_Trang,Trần Ngọc Thu Trang,"Trần Ngọc Thu Trang; 23 tháng 9, 1984 (40 tuổi); Thành phố Hồ Chí Minh, Việt Nam",Việt Nam,Diễn viênNhà sản xuất phimĐạo diễn,2002 – nay,https://vi.wikipedia.org/wiki/T%E1%BA%ADp_tin:THU_TRANG_2020.jpg
2,Quốc Trường,https://vi.wikipedia.org/wiki/Qu%E1%BB%91c_Tr%C6%B0%E1%BB%9Dng_(di%E1%BB%85n_vi%C3%AAn),Nguyễn Quốc Trường,"Nguyễn Quốc Trường; 23 tháng 4, 1988 (37 tuổi); Cần Thơ, Việt Nam",Việt Nam,Diễn viên,2009 – nay,https://vi.wikipedia.org/wiki/T%E1%BA%ADp_tin:Qu%E1%BB%91c_Tr%C6%B0%E1%BB%9Dng_2019_(cropped).jpeg
3,Bảo Thanh,https://vi.wikipedia.org/wiki/B%E1%BA%A3o_Thanh_(di%E1%BB%85n_vi%C3%AAn),Vũ Thị Phương Thanh,"Vũ Thị Phương Thanh; 26 tháng 10, 1990 (34 tuổi); Bắc Giang, Việt Nam",Việt Nam,Diễn viên,2000–nay,https://vi.wikipedia.org/wiki/T%E1%BA%ADp_tin:B%E1%BA%A3o_Thanh.jpg
4,NSND Ngọc Giàu,https://vi.wikipedia.org/wiki/Ng%E1%BB%8Dc_Gi%C3%A0u,Phong Thị Ngọc Giàu,"Phong Thị Ngọc Giàu; 13 tháng 12, 1945 (79 tuổi); Thủ Thiêm, Gia Định, Nam Kỳ, Liên bang Đông Dương",Việt Nam,Diễn viênNghệ sĩ cải lương,1956 – nay,https://vi.wikipedia.org/wiki/T%E1%BA%ADp_tin:Ng%E1%BB%8Dc_Gi%C3%A0u.png
5,Trung Dân,https://vi.wikipedia.org/wiki/Trung_D%C3%A2n,Nguyễn Trung Dân,"Nguyễn Trung Dân; 20 tháng 7, 1967 (58 tuổi); Nhị Bình, Hóc Môn, Gia Định, Việt Nam Cộng hòa",Việt Nam,Diễn viên,1992–nay,https://vi.wikipedia.org/wiki/T%E1%BA%ADp_tin:Trung_Dan.png
6,NSND Việt Anh,https://vi.wikipedia.org/wiki/Vi%E1%BB%87t_Anh_(ngh%E1%BB%87_s%C4%A9),Nguyễn Văn Liêm,"Nguyễn Văn Liêm; 11 tháng 6, 1958 (67 tuổi); Sài Gòn, Việt Nam Cộng hòa",Việt Nam,Diễn viên,1974 – nay,https://vi.wikipedia.org/wiki/T%E1%BA%ADp_tin:NSND_Viet_Anh_2025.png
7,NSND Hồng Vân,https://vi.wikipedia.org/wiki/H%E1%BB%93ng_V%C3%A2n_(di%E1%BB%85n_vi%C3%AAn),Ngô Đặng Hồng Vân,"Ngô Đặng Hồng Vân; 26 tháng 5, 1966 (59 tuổi); Từ Sơn, Bắc Ninh, Việt Nam Dân chủ Cộng hòa",Việt Nam,Diễn viênĐạo diễn sân khấuNhà sản xuấtDoanh nhân,1989 – nay,https://vi.wikipedia.org/wiki/T%E1%BA%ADp_tin:HongVan1966.jpg
8,Trường Giang,https://vi.wikipedia.org/wiki/Tr%C6%B0%E1%BB%9Dng_Giang_(ngh%E1%BB%87_s%C4%A9),Võ Vũ Trường Giang,"Võ Vũ Trường Giang; 20 tháng 4, 1983 (42 tuổi); Long Thành, Đồng Nai, Việt Nam",Việt Nam,Diễn viênNghệ sĩ hàiNhạc sĩNgười dẫn chương trình,2007 – nay,https://vi.wikipedia.org/wiki/T%E1%BA%ADp_tin:TR%C6%AF%E1%BB%9CNG_GIANG.png
9,Mạc Văn Khoa,https://vi.wikipedia.org/wiki/M%E1%BA%A1c_V%C4%83n_Khoa,Mạc Văn Khoa,"Mạc Văn Khoa; 4 tháng 5, 1992 (33 tuổi); Chí Linh, Hải Dương, Việt Nam",,Diễn viênNghệ sĩ hài,2015 – nay,https://vi.wikipedia.org/wiki/T%E1%BA%ADp_tin:MAC_VAN_KHOA_2023.jpg
10,Tấn Beo,https://vi.wikipedia.org/wiki/T%E1%BA%A5n_Beo,Phạm Tấn Danh,"Phạm Tấn Danh; 13 tháng 1, 1965 (60 tuổi); Thành phố Hồ Chí Minh, Việt Nam",Việt Nam,Diễn viên,1981 - 2024,https://vi.wikipedia.org/wiki/T%E1%BA%ADp_tin:TAN_BEO.jpg
11,Đức Phúc,https://vi.wikipedia.org/wiki/%C4%90%E1%BB%A9c_Ph%C3%BAc,Nguyễn Đức Phúc,"Nguyễn Đức Phúc; 15 tháng 10, 1996 (28 tuổi); Hà Nội, Việt Nam",Việt Nam,Ca sĩdiễn viênrapper,,https://vi.wikipedia.org/wiki/T%E1%BA%ADp_tin:%C4%90%E1%BB%A9c_Ph%C3%BAc_t%E1%BA%A1i_Si%C3%AAu_th%E1%BB%AD_th%C3%A1ch_2021_(cropped).jpg
12,Phương Thanh,https://vi.wikipedia.org/wiki/Ph%C6%B0%C6%A1ng_Thanh,Bùi Thị Phương Thanh,"Bùi Thị Phương Thanh; 27 tháng 4, 1973 (52 tuổi); Nông Cống, Thanh Hóa, Việt Nam Dân chủ Cộng hòa",Việt Nam,Ca sĩDiễn viên,1990–nay,https://vi.wikipedia.org/wiki/T%E1%BA%ADp_tin:Phuong_Thanh_(cropped).jpg
13,Ninh Dương Lan Ngọc,https://vi.wikipedia.org/wiki/Ninh_D%C6%B0%C6%A1ng_Lan_Ng%E1%BB%8Dc,,"4 tháng 4, 1990 (35 tuổi); Thành phố Hồ Chí Minh, Việt Nam",Việt Nam,Diễn viên,2009–nay,https://vi.wikipedia.org/wiki/T%E1%BA%ADp_tin:Ninh_D%C6%B0%C6%A1ng_Lan_Ng%E1%BB%8Dc_trong_M%E1%BB%91i_T%C3%ACnh_%C4%90%E1%BA%A7u_C%E1%BB%A7a_T%C3%B4i.png
14,NSND Lê Khanh,https://vi.wikipedia.org/wiki/L%C3%AA_Khanh,,,Việt Nam,,1970 – nay,https://vi.wikipedia.org/wiki/T%E1%BA%ADp_tin:Lekhanh2_(cropped).jpg
15,Jun Vũ,https://vi.wikipedia.org/wiki/Jun_V%C5%A9,Vũ Phương Anh,"Vũ Phương Anh; 4 tháng 6, 1995 (30 tuổi); Hà Nội, Việt Nam",Việt Nam,Diễn viên Người dẫn chương trình Người mẫu,2014–nay,https://vi.wikipedia.org/wiki/T%E1%BA%ADp_tin:Jun_V%C5%A9_in_Ch%E1%BB%8Dn_%C4%90%C3%A2u_Cho_%C4%90%C3%BAng_(2).png
16,Lê Xuân Tiền,nan,,,,,,
17,Hiệp Gà,https://vi.wikipedia.org/wiki/Hi%E1%BB%87p_G%C3%A0,,,Việt Nam,,,https://vi.wikipedia.org/wiki/T%E1%BA%ADp_tin:Hi%E1%BB%87p_G%C3%A0.png
18,Hà Việt Dũng,https://vi.wikipedia.org/wiki/H%C3%A0_Vi%E1%BB%87t_D%C5%A9ng,,"19 tháng 8, 1987 (38 tuổi); Tân Lạc, Hòa Bình, Việt Nam",Việt Nam,Người mẫudiễn viên,2011–nay,
19,YaYa Trương Nhi,nan,,,,,,
20,Cao Thái Hà,https://vi.wikipedia.org/wiki/Cao_Th%C3%A1i_H%C3%A0,,"20 tháng 4, 1990 (35 tuổi); Cần Thơ, Việt Nam",Việt Nam,Diễn viên,2011–nay,https://vi.wikipedia.org/wiki/T%E1%BA%ADp_tin:CaoThaiHa1990.jpg
21,Phước Sang,https://vi.wikipedia.org/wiki/Ph%C6%B0%E1%BB%9Bc_Sang,Lưu Phước Sang,"Lưu Phước Sang; 2 tháng 7, 1969 (56 tuổi); Sài Gòn, Việt Nam Cộng hòa",Việt Nam,Diễn viênNhà sản xuất điện ảnh,1989–nay,https://vi.wikipedia.org/wiki/T%E1%BA%ADp_tin:LUU_PHUOC_SANG.jpg
22,Hương Giang,"https://vi.wikipedia.org/wiki/H%C6%B0%C6%A1ng_Giang_(ca_s%C4%A9,_MC,_hoa_h%E1%BA%ADu)",Nguyễn Ngọc Hiếu,"Nguyễn Ngọc Hiếu; 29 tháng 12, 1991 (33 tuổi)[1][2]; Hà Nội, Việt Nam",Việt Nam,Ca sĩDiễn viênNgười mẫuNhân vật truyền hình,2010–nay,https://vi.wikipedia.org/wiki/T%E1%BA%ADp_tin:Huong_Giang_in_2015_(cropped).png
23,Phát La,nan,,,,,,
24,Tuấn Trần,https://vi.wikipedia.org/wiki/Tu%E1%BA%A5n_Tr%E1%BA%A7n,Trần Duy Tuấn,"Trần Duy Tuấn; 20 tháng 11, 1992 (32 tuổi); Thành phố Hồ Chí Minh, Việt Nam",Việt Nam,Diễn viênNgười mẫu,20102015–nay,https://vi.wikipedia.org/wiki/T%E1%BA%ADp_tin:Tu%E1%BA%A5n_Tr%E1%BA%A7n.jpg
25,Puka,nan,,,,,,
26,NSND Kim Xuân,https://vi.wikipedia.org/wiki/Kim_Xu%C3%A2n,,,Việt Nam,,1970 – nay,https://vi.wikipedia.org/wiki/T%E1%BA%ADp_tin:KIM_XUAN_-_GMTQ_2020.jpg
27,NSƯT Hữu Châu,https://vi.wikipedia.org/wiki/H%E1%BB%AFu_Ch%C3%A2u,Nguyễn Hữu Châu,"Nguyễn Hữu Châu; 22 tháng 1, 1966 (59 tuổi); Sài Gòn, Việt Nam Cộng hòa",Việt Nam,Diễn viên,1985 – nay,https://vi.wikipedia.org/wiki/T%E1%BA%ADp_tin:Huu_Chau.JPG
28,Karen Nguyễn,nan,,,,,,
29,Lệ Hằng,nan,,,,,,
30,Đông Kha,nan,,,,,,
31,Hoàng Yến Chibi,https://vi.wikipedia.org/wiki/Ho%C3%A0ng_Y%E1%BA%BFn,,,,,,
32,Quách Ngọc Tuyên,nan,,,,,,
33,Nam Long,https://vi.wikipedia.org/wiki/Nam_Long,,,,,,
34,Trương Minh Quốc Thái,https://vi.wikipedia.org/wiki/Tr%C6%B0%C6%A1ng_Minh_Qu%E1%BB%91c_Th%C3%A1i,Trương Minh Quốc Thái,"Trương Minh Quốc Thái; 3 tháng 9, 1974 (51 tuổi); Sài Gòn, Việt Nam Cộng hòa",Việt Nam,Diễn viên,1997 – nay,https://vi.wikipedia.org/wiki/T%E1%BA%ADp_tin:TruongMinhQuocThai1974.jpg
35,Doãn Quốc Đam,nan,,,,,,
36,Kiều Minh Tuấn,https://vi.wikipedia.org/wiki/Ki%E1%BB%81u_Minh_Tu%E1%BA%A5n,Kiều Minh Tuấn,"Kiều Minh Tuấn; 26 tháng 2, 1988 (37 tuổi); Bà Rịa - Vũng Tàu, Việt Nam",Việt Nam,Diễn viên,2010 – nay,https://vi.wikipedia.org/wiki/T%E1%BA%ADp_tin:KIEU_MINH_TUAN.jpg
37,Khả Như,nan,,,,,,
38,Oanh Kiều,nan,,,,,,
39,Ngân Chi,nan,,,,,,
40,Thúy Hằng,nan,,,,,,
41,Hồ Minh Khuê,nan,,,,,,
42,Hoàng Mai Anh,nan,,,,,,
43,Khánh Hiền,nan,,,,,,
44,La Thành,nan,,,,,,
45,Tuấn Trần,nan,,,,,,
46,Sơn Tùng M-TP,https://vi.wikipedia.org/wiki/S%C6%A1n_T%C3%B9ng_M-TP,Nguyễn Thanh Tùng,"Nguyễn Thanh Tùng; 5 tháng 7, 1994 (31 tuổi); Thành phố Thái Bình, Thái Bình, Việt Nam",Việt Nam,Ca sĩ kiêm sáng tác nhạcnhà sản xuất thu âmdiễn viênrapperdoanh nhân,,https://vi.wikipedia.org/wiki/T%E1%BA%ADp_tin:Son_Tung_M-TP_1_(2021).png
47,FAPtv (Huỳnh Phương,nan,,,,,,
48,Thái Vũ,nan,,,,,,
49,Vinh Râu),nan,,,,,,
50,Phan Hoàng Kim,nan,,,,,,
51,Mai Thuý Vy,nan,,,,,,
52,Quỳnh Thư,nan,,,,,,
53,Long Đẹp Trai,nan,,,,,,
54,Phương Anh Đào,nan,,,,,,
55,Quang Tuấn,nan,,,,,,
56,Đỗ Nhật Trường,nan,,,,,,
57,Ái Phương,nan,,,,,,
58,Peter Phạm,nan,,,,,,
59,Simon Kook,nan,,,,,,
60,Thạch Kim Long,nan,,,,,,
61,Công Ninh,https://vi.wikipedia.org/wiki/C%C3%B4ng_Ninh,Nguyễn Công Ninh,"Nguyễn Công Ninh; 28 tháng 1, 1962 (63 tuổi); Sài Gòn, Việt Nam Cộng hòa",Việt Nam,Diễn viên,1990 – nay,https://vi.wikipedia.org/wiki/T%E1%BA%ADp_tin:Cong_Ninh.jpg
62,Phạm Huy Thục,nan,,,,,,
63,Phương Anh Đào,https://vi.wikipedia.org/wiki/Ph%C6%B0%C6%A1ng_Anh_%C4%90%C3%A0o,Đào Phương Anh Đào,"Đào Phương Anh Đào; 30 tháng 4, 1992 (33 tuổi); Cà Mau,[a] Việt Nam",Việt Nam,Diễn viên,2014–nay,https://vi.wikipedia.org/wiki/T%E1%BA%ADp_tin:Phuong_Anh_Dao_from_%22Glorious_Ashes%22_at_Red_Carpet_of_the_Tokyo_International_Film_Festival_2022_(52460466207)_(cropped).jpg
64,Hiếu Nguyễn,nan,,,,,,
65,Oanh Kiều,https://vi.wikipedia.org/wiki/Oanh_Ki%E1%BB%81u,,"5 tháng 1, 1989 (36 tuổi); Đà Lạt, Lâm Đồng, Việt Nam",Việt Nam,Diễn viên,2011–nay,https://vi.wikipedia.org/wiki/T%E1%BA%ADp_tin:Oanh_Ki%E1%BB%81u_2020.png
66,Trần Anh Khoa,nan,,,,,,
67,Anh Tú Wilson,nan,,,,,,
68,Wowy,https://vi.wikipedia.org/wiki/Wowy,Nguyễn Ngọc Minh Huy,"Nguyễn Ngọc Minh Huy; 27 tháng 9, 1988 (36 tuổi); Thành phố Hồ Chí Minh, Việt Nam",Việt Nam,Rapper Nhạc sĩ sáng tác ca khúc,2012–nay,https://vi.wikipedia.org/wiki/T%E1%BA%ADp_tin:WOWY_P1.jpg
69,Cát Phượng,https://vi.wikipedia.org/wiki/C%C3%A1t_Ph%C6%B0%E1%BB%A3ng,Đỗ Như Cát Phượng,"Đỗ Như Cát Phượng; 3 tháng 12, 1970 (54 tuổi); Sa Đéc, Đồng Tháp, Việt Nam Cộng hòa",Việt Nam,Diễn viênCa sĩNghệ sĩ hài,1993 – nay,https://vi.wikipedia.org/wiki/T%E1%BA%ADp_tin:Catphuong.jpg
70,Mai Thế Hiệp,https://vi.wikipedia.org/wiki/Mai_Th%E1%BA%BF_Hi%E1%BB%87p,Mai Thế Hiệp,"Mai Thế Hiệp; 9 tháng 12, 1970 (54 tuổi); Biên Hòa, Đồng Nai, Việt Nam Cộng hòa",,Diễn viên; Đạo diễn; Nhà biên kịch; Nhà sản xuất,1996 – nay,
71,Thanh Tú,nan,,,,,,
72,Hải Triều,nan,,,,,,
73,Lương Anh Vũ (Alvin Lu),nan,,,,,,
74,Hồ Thu Anh,nan,,,,,,
75,Hồ Minh Ngọc,nan,,,,,,
76,Hồ Thành Trung,nan,,,,,,
77,Việt Linh,nan,,,,,,
78,Yu Dương,nan,,,,,,
79,Kiều Trinh,nan,,,,,,
80,Xuân Hiệp,nan,,,,,,
81,Tống Yến Nhi,nan,,,,,,
82,Mai Bích Trâm,nan,,,,,,
83,Yaya Trương Nhi,nan,,,,,,
84,Trịnh Xuân Nhãn,nan,,,,,,
85,Phạm Thanh Trúc,nan,,,,,,
86,Thái Hoà,https://vi.wikipedia.org/wiki/Th%C3%A1i_H%C3%B2a_(di%E1%BB%85n_vi%C3%AAn),Hồ Thái Hòa,"Hồ Thái Hòa; 10 tháng 8, 1974 (51 tuổi); Sài Gòn, Việt Nam Cộng hòa",Việt Nam,Diễn viên,1998–nay,https://vi.wikipedia.org/wiki/T%E1%BA%ADp_tin:TH%C3%81I_H%C3%92A_2025.jpg
87,Đức Thịnh,https://vi.wikipedia.org/wiki/%C4%90%E1%BB%A9c_Th%E1%BB%8Bnh_(%C4%91%E1%BA%A1o_di%E1%BB%85n),Đỗ Đức Thịnh,"Đỗ Đức Thịnh; 24 tháng 12, 1975 (49 tuổi); Sài Gòn – Gia Định, Cộng hòa miền Nam Việt Nam",Việt Nam,Diễn viênDoanh nhânNhà làm phim,2002–nay,
88,Hồng Ánh,https://vi.wikipedia.org/wiki/H%E1%BB%93ng_%C3%81nh,Phạm Thị Hồng Ánh,"Phạm Thị Hồng Ánh; 28 tháng 8, 1977 (48 tuổi); Trà Vinh, Việt Nam",Việt Nam,Diễn viên,1995–nay,https://vi.wikipedia.org/wiki/T%E1%BA%ADp_tin:Hong_Anh.png
89,Kaity Nguyễn,https://vi.wikipedia.org/wiki/Kaity_Nguy%E1%BB%85n,Nguyễn Ngọc Bình An,"Nguyễn Ngọc Bình An; 9 tháng 4, 1999 (26 tuổi); Thành phố Hồ Chí Minh, Việt Nam",Hoa Kỳ; Việt Nam[1],Diễn viênNgười mẫu,2017–nay,https://vi.wikipedia.org/wiki/T%E1%BA%ADp_tin:KAITY_NGUY%E1%BB%84N_2025.jpg
90,Hứa Vĩ Văn,https://vi.wikipedia.org/wiki/H%E1%BB%A9a_V%C4%A9_V%C4%83n,Hứa Vĩ Văn,"Hứa Vĩ Văn; 25 tháng 12, 1979 (45 tuổi); Thành phố Hồ Chí Minh, Việt Nam",Việt Nam,Diễn viênNgười mẫuCa sĩ,2000 – nay,https://vi.wikipedia.org/wiki/T%E1%BA%ADp_tin:HuaViVan1979.jpg
91,Hoàng Thùy Linh,https://vi.wikipedia.org/wiki/Ho%C3%A0ng_Th%C3%B9y_Linh,,"11 tháng 8, 1988 (37 tuổi); Hà Nội, Việt Nam",Việt Nam,Ca sĩDiễn viênNgười mẫu,2004–nay,https://vi.wikipedia.org/wiki/T%E1%BA%ADp_tin:HOANG_THUY_LINH.jpg
92,BB Trần,nan,,,,,,
93,Trịnh Thăng Bình,https://vi.wikipedia.org/wiki/Tr%E1%BB%8Bnh_Th%C4%83ng_B%C3%ACnh,Trịnh Thăng Bình,"30 tháng 4, 1988 (37 tuổi); Thành phố Hồ Chí Minh, Việt Nam",,Ca sĩ; Nhạc sĩ; Diễn viên; Nhà sản xuất âm nhạc; Người dẫn chương trình,,
94,Hạnh Thúy,nan,,,,,,
95,Kay Trần,nan,,,,,,
96,NSƯT Ngọc Hiệp,nan,,,,,,
97,Quốc Anh,nan,,,,,,
98,Khả Ngân,https://vi.wikipedia.org/wiki/Kh%E1%BA%A3_Ng%C3%A2n,Trần Thị Kim Ngân,"Trần Thị Kim Ngân; 31 tháng 7, 1997 (28 tuổi)[1]; Thành phố Hồ Chí Minh, Việt Nam",Việt Nam,Diễn viênNgười mẫu,2012–nay[2],https://vi.wikipedia.org/wiki/T%E1%BA%ADp_tin:Kh%E1%BA%A3_Ng%C3%A2n.png
99,Hoàng Yến Chibi,https://vi.wikipedia.org/wiki/Ho%C3%A0ng_Y%E1%BA%BFn_Chibi,Nguyễn Hoàng Yến,"Nguyễn Hoàng Yến; 8 tháng 12, 1995 (29 tuổi); Hà Nội, Việt Nam",Việt Nam,Ca sĩDiễn viênNgười dẫn chương trình,2010–nay,https://vi.wikipedia.org/wiki/T%E1%BA%ADp_tin:HO%C3%80NG_Y%E1%BA%BEN_CHIBI_P2.jpg
100,Phi Phụng,https://vi.wikipedia.org/wiki/Phi_Ph%E1%BB%A5ng,Nguyễn Thị Phi Phụng,"Nguyễn Thị Phi Phụng; 16 tháng 7, 1957 (68 tuổi); Trà Vinh, Việt Nam Cộng hòa",Việt Nam,Diễn viên truyền hình; Diễn viên điện ảnh; Diễn viên kịch nói; Diễn viên hài,1980 – nay,https://vi.wikipedia.org/wiki/T%E1%BA%ADp_tin:Phiphung.jpg
101,Lê Thu An,nan,,,,,,
102,Hải Ngân Brianna,nan,,,,,,
103,Hồ Quang Mẫn,nan,,,,,,
104,Tuấn Zoi,nan,,,,,,
105,Ellie Mễ Tiên,nan,,,,,,
106,Tiến Luật,nan,,,,,,
107,Anh Tú,nan,,,,,,
108,Thanh Tân,nan,,,,,,
109,Trương Minh Quốc Thái,nan,,,,,,
110,Châu Bùi,nan,,,,,,
111,Trần Ngọc Vàng,nan,,,,,,
112,Huyme,https://vi.wikipedia.org/wiki/Huyme,Phạm Công Thành,"Phạm Công Thành; 1 tháng 3, 1993 (32 tuổi); Hà Nội, Việt Nam",,Vlogger; Diễn viên,2011 – nay,
113,Thái Hòa,https://vi.wikipedia.org/wiki/Th%C3%A1i_H%C3%B2a_(di%E1%BB%85n_vi%C3%AAn),Hồ Thái Hòa,"Hồ Thái Hòa; 10 tháng 8, 1974 (51 tuổi); Sài Gòn, Việt Nam Cộng hòa",Việt Nam,Diễn viên,1998–nay,https://vi.wikipedia.org/wiki/T%E1%BA%ADp_tin:TH%C3%81I_H%C3%92A_2025.jpg
114,Xuân Phúc,nan,,,,,,
115,Thanh Thúy,https://vi.wikipedia.org/wiki/Thanh_Th%C3%BAy_(sinh_1982),Lê Thị Thanh Thúy,"Lê Thị Thanh Thúy; 19 tháng 8, 1982 (43 tuổi); Thành phố Hồ Chí Minh, Việt Nam",Việt Nam,Diễn viênDoanh nhânNgười dẫn chương trìnhNhà sản xuất điện ảnh,2002 – nay,https://vi.wikipedia.org/wiki/T%E1%BA%ADp_tin:THANH_TH%C3%9AY_2019_-_Portrait_1.jpg
116,Tiến Hoàng,nan,,,,,,
117,Katleen Phan Võ,nan,,,,,,
118,Gi A Nguyễn,nan,,,,,,
119,Duy Khánh,nan,,,,,,
120,Cris Phan,nan,,,,,,
121,MLee,nan,,,,,,
122,NS Viết Liên,nan,,,,,,
123,NSƯT Chiều Xuân,https://vi.wikipedia.org/wiki/Chi%E1%BB%81u_Xu%C3%A2n,,,Việt Nam,,,
124,Băng Di,nan,,,,,,
125,Will,nan,,,,,,
126,Trần Lê Nam,nan,,,,,,
127,Trần Doãn Hoàng,nan,,,,,,
128,Bích Ngọc,nan,,,,,,
129,Thanh Hoa,nan,,,,,,
130,Thanh Bình,nan,,,,,,
131,Chiến Thắng,nan,,,,,,
132,Ngô Kiến Huy,https://vi.wikipedia.org/wiki/Ng%C3%B4_Ki%E1%BA%BFn_Huy,Lê Thành Dương,"Lê Thành Dương; 29 tháng 6, 1988 (37 tuổi); Thành phố Hồ Chí Minh, Việt Nam",Việt Nam,Ca sĩDiễn viênNgười dẫn chương trình,2008–nay,https://vi.wikipedia.org/wiki/T%E1%BA%ADp_tin:Ng%C3%B4_Ki%E1%BA%BFn_Huy_hosting_B%E1%BB%99_3_Si%C3%AAu_%C4%90%E1%BA%B3ng_SS2_EP13_(cropped).jpg
133,Jessica Hoàng Anh,nan,,,,,,
134,Maya,https://vi.wikipedia.org/wiki/Maya_(ca_s%C4%A9),Mai Thu Hường,"13 tháng 7, 1988 (37 tuổi); Hà Nội, Việt Nam",,Ca sĩ; Người mẫu; Diễn viên,,
135,Khả Như,https://vi.wikipedia.org/wiki/Kh%E1%BA%A3_Nh%C6%B0,Trần Khả Như,"Trần Khả Như; 16 tháng 3, 1987 (38 tuổi); Ngã Bảy, Hậu Giang, Việt Nam",Việt Nam,Diễn viênNgười dẫn chương trình,2008 – nay,https://vi.wikipedia.org/wiki/T%E1%BA%ADp_tin:Kh%E1%BA%A3_Nh%C6%B0.png
136,Hoàng Phi,nan,,,,,,
137,NSND Hoàng Dũng,https://vi.wikipedia.org/wiki/Ho%C3%A0ng_D%C5%A9ng,,,Việt Nam,,1983 – 2021,https://vi.wikipedia.org/wiki/T%E1%BA%ADp_tin:Hoang_dung.jpg
138,Khương Lê,nan,,,,,,
139,Trấn Thành,https://vi.wikipedia.org/wiki/Tr%E1%BA%A5n_Th%C3%A0nh,Huỳnh Trấn Thành,"Huỳnh Trấn Thành; 5 tháng 2, 1987 (38 tuổi); Thành phố Hồ Chí Minh, Việt Nam",Việt Nam,Diễn viênNghệ sĩ hàiNgười dẫn chương trìnhDoanh nhânNhà làm phim,2006–nay,https://vi.wikipedia.org/wiki/T%E1%BA%ADp_tin:Tr%E1%BA%A5n_Th%C3%A0nh_191226.png
140,Ngọc Giàu,https://vi.wikipedia.org/wiki/Ng%E1%BB%8Dc_Gi%C3%A0u,Phong Thị Ngọc Giàu,"Phong Thị Ngọc Giàu; 13 tháng 12, 1945 (79 tuổi); Thủ Thiêm, Gia Định, Nam Kỳ, Liên bang Đông Dương",Việt Nam,Diễn viênNghệ sĩ cải lương,1956 – nay,https://vi.wikipedia.org/wiki/T%E1%BA%ADp_tin:Ng%E1%BB%8Dc_Gi%C3%A0u.png
141,Tuần Trần,https://vi.wikipedia.org/wiki/Tu%E1%BA%A5n_Tr%E1%BA%A7n,Trần Duy Tuấn,"Trần Duy Tuấn; 20 tháng 11, 1992 (32 tuổi); Thành phố Hồ Chí Minh, Việt Nam",Việt Nam,Diễn viênNgười mẫu,20102015–nay,https://vi.wikipedia.org/wiki/T%E1%BA%ADp_tin:Tu%E1%BA%A5n_Tr%E1%BA%A7n.jpg
142,Lê Giang,nan,,,,,,
143,Hoàng Mèo,nan,,,,,,
144,Lan Phương,nan,,,,,,
145,Lê Trang,nan,,,,,,
146,Quốc Khánh,nan,,,,,,
147,Võ Thành Tâm,nan,,,,,,
148,Ốc Thanh Vân,https://vi.wikipedia.org/wiki/%E1%BB%90c_Thanh_V%C3%A2n,Phạm Thị Thanh Vân,"Phạm Thị Thanh Vân; 18 tháng 2, 1984 (41 tuổi); Hải Phòng, Việt Nam",Việt Nam,Diễn viênNgười dẫn chương trình,2004 – nay,https://vi.wikipedia.org/wiki/T%E1%BA%ADp_tin:Oc_Thanh_Van.png
149,Huỳnh Đông,https://vi.wikipedia.org/wiki/Hu%E1%BB%B3nh_%C4%90%C3%B4ng,Phạm Huỳnh Đông,"Phạm Huỳnh Đông; 5 tháng 11, 1983 (41 tuổi); Thành phố Hồ Chí Minh, Việt Nam",Việt Nam,Diễn viên,2004 – nay,https://vi.wikipedia.org/wiki/T%E1%BA%ADp_tin:HuynhDong1983.jpg
150,Lê Hạ Anh,nan,,,,,,
151,Bé Bảo Thy,nan,,,,,,
152,Tiết Cương,nan,,,,,,
153,Huỳnh ChillHuyn,nan,,,,,,
154,Trình Mỹ Duyên,nan,,,,,,
155,Lê Thu An,https://vi.wikipedia.org/w/index.php?title=L%C3%AA_Thu_An&action=edit&redlink=1,,,,,,
156,Trúc Anh,https://vi.wikipedia.org/wiki/Tr%C3%BAc_Anh,,"23 tháng 9, 1998 (26 tuổi); Thành phố Hồ Chí Minh, Việt Nam",,Diễn viênNgười mẫu ảnh,2017 – nay,https://vi.wikipedia.org/wiki/T%E1%BA%ADp_tin:Tr%C3%BAc_Anh_%E2%80%93_M%E1%BA%AFt_bi%E1%BA%BFc_BTS_(2).png
157,Salim,nan,,,,,,
158,Amee,https://vi.wikipedia.org/wiki/Amee,Trần Huyền My,"Trần Huyền My; 23 tháng 3, 2000 (25 tuổi); Hà Nội, Việt Nam",Việt Nam,Ca sĩDiễn viên,2019–nay,https://vi.wikipedia.org/wiki/T%E1%BA%ADp_tin:Amee_2024_(cropped).jpg
159,Samuel An,nan,,,,,,
160,Huỳnh Thanh Trực,nan,,,,,,
161,Trần Phong,nan,,,,,,
162,Thùy Anh,nan,,,,,,
163,Thùy Dương,nan,,,,,,
164,Lê Quang Vinh,nan,,,,,,
165,Nguyễn Phước Lộc,nan,,,,,,
166,Hữu Khang,nan,,,,,,
167,Neko Bảo Tiên,nan,,,,,,
168,NSƯT Trung Anh,https://vi.wikipedia.org/wiki/Trung_Anh,,,Việt Nam,,1995 – nay,https://vi.wikipedia.org/wiki/T%E1%BA%ADp_tin:Trung_Anh.png
169,Hiếu Hiền,https://vi.wikipedia.org/wiki/Hi%E1%BA%BFu_Hi%E1%BB%81n,,,Việt Nam,,2003 – nay,https://vi.wikipedia.org/wiki/T%E1%BA%ADp_tin:Hieuhien.jpg
170,Bùi Anh Tú,https://vi.wikipedia.org/wiki/B%C3%B9i_Anh_T%C3%BA,Bùi Anh Tú,"Bùi Anh Tú; 3 tháng 10, 1993 (31 tuổi); Hà Nội, Việt Nam",Việt Nam,Diễn viênCa sĩ,2012–nay,https://vi.wikipedia.org/wiki/T%E1%BA%ADp_tin:ANH_TU_2023.jpg
171,Nhã Phương,https://vi.wikipedia.org/wiki/Nh%C3%A3_Ph%C6%B0%C6%A1ng_(di%E1%BB%85n_vi%C3%AAn),Trần Thị Nhã Phương,"Trần Thị Nhã Phương; 20 tháng 5, 1990 (35 tuổi); Đắk Lắk, Việt Nam",Việt Nam,Diễn viên,2009–nay,https://vi.wikipedia.org/wiki/T%E1%BA%ADp_tin:Nha_Phuong.png
172,Diễm My,https://vi.wikipedia.org/wiki/Di%E1%BB%85m_My_(di%E1%BB%85n_vi%C3%AAn),Vũ Phạm Diễm My,"Vũ Phạm Diễm My; 27 tháng 1, 1990 (35 tuổi); Thành phố Hồ Chí Minh, Việt Nam",Việt Nam,Diễn viênNgười mẫuNgười dẫn chương trình,1995 – 19982005 – nay,https://vi.wikipedia.org/wiki/T%E1%BA%ADp_tin:Di%E1%BB%85m_My_2017_(1).jpg
173,Quang Tuấn,https://vi.wikipedia.org/wiki/Quang_Tu%E1%BA%A5n,Ngô Quang Tuấn,"Ngô Quang Tuấn; 14 tháng 3, 1985 (40 tuổi); Bà Rịa – Vũng Tàu, Việt Nam",Việt Nam,Diễn viên,2006–nay,https://vi.wikipedia.org/wiki/T%E1%BA%ADp_tin:Ngo_Quang_Tuan_from_%22Glorious_Ashes%22_at_Red_Carpet_of_the_Tokyo_International_Film_Festival_2022_(52460465832)_(cropped).jpg
174,Việt Hương,https://vi.wikipedia.org/wiki/Vi%E1%BB%87t_H%C6%B0%C6%A1ng,Nguyễn Việt Hương,"Nguyễn Việt Hương; 15 tháng 10, 1976 (48 tuổi); Thành phố Hồ Chí Minh, Việt Nam",Việt Nam,Diễn viênNghệ sĩ hàiNgười dẫn chương trình,1995 – nay,https://vi.wikipedia.org/wiki/T%E1%BA%ADp_tin:Viethuong.jpg
175,Hữu Tín,nan,,,,,,
176,Nam Em,nan,,,,,,
177,Thiên An,nan,,,,,,
178,Quỳnh Lương,nan,,,,,,
179,Bảo Anh,nan,,,,,,
180,Lê Tam Triều Dâng,nan,,,,,,
181,Bảo Anh,https://vi.wikipedia.org/wiki/B%E1%BA%A3o_Anh_(ca_s%C4%A9),Nguyễn Hoài Bảo Anh,"Nguyễn Hoài Bảo Anh; 3 tháng 9, 1992 (33 tuổi); Thành phố Hồ Chí Minh, Việt Nam",Việt Nam,Ca sĩDiễn viên,2012 – nay,https://vi.wikipedia.org/wiki/T%E1%BA%ADp_tin:Bao_Anh_(2018).png
182,Minh Hằng,https://vi.wikipedia.org/wiki/Minh_H%E1%BA%B1ng,Lê Ngọc Minh Hằng,"Lê Ngọc Minh Hằng; 22 tháng 6, 1987 (38 tuổi); Thành phố Hồ Chí Minh, Việt Nam",Việt Nam,Ca sĩDiễn viên,2003-nay,https://vi.wikipedia.org/wiki/T%E1%BA%ADp_tin:Minh_Hang_2017.png
183,Diệu Nhi,https://vi.wikipedia.org/wiki/Di%E1%BB%87u_Nhi,Trần Thị Diệu Nhi,"Trần Thị Diệu Nhi; 21 tháng 5, 1991 (34 tuổi); Bình Thuận, Việt Nam",Việt Nam,Diễn viênNghệ sĩ hàiNgười dẫn chương trình,2008 – nay,https://vi.wikipedia.org/wiki/T%E1%BA%ADp_tin:Di%E1%BB%87u_Nhi_GQT6.jpg
184,Thuận Nguyễn,nan,,,,,,
185,Mạc Can,https://vi.wikipedia.org/wiki/M%E1%BA%A1c_Can,,"14 tháng 4, 1945 (80 tuổi); Sài Gòn, Liên bang Đông Dương",,Diễn viên điện ảnh; Diễn viên hài; Nhà văn; Nhà ảo thuật; Dẫn chương trình,Thập niên 1964 - nay,https://vi.wikipedia.org/wiki/T%E1%BA%ADp_tin:Maccan2.jpg
186,Vân Trang,https://vi.wikipedia.org/wiki/V%C3%A2n_Trang,Nguyễn Ngọc Thùy Trang,"Nguyễn Ngọc Thùy Trang; 1 tháng 3, 1990 (35 tuổi); Tiền Giang, Việt Nam",Việt Nam,Diễn viênNgười dẫn chương trình,2007 – nay,https://vi.wikipedia.org/wiki/T%E1%BA%ADp_tin:V%C3%A2n_Trang.png
187,Hữu Tiến,nan,,,,,,
188,Huỳnh Như,nan,,,,,,
189,Đan,nan,,,,,,
190,Trịnh Tài,nan,,,,,,
191,Lê Bê La,https://vi.wikipedia.org/wiki/L%C3%AA_B%C3%AA_La,,,Việt Nam,,2007 – nay,https://vi.wikipedia.org/wiki/T%E1%BA%ADp_tin:LeBeLa1987.jpg
192,NSƯT Ngọc Hiệp,https://vi.wikipedia.org/wiki/Ng%E1%BB%8Dc_Hi%E1%BB%87p_(di%E1%BB%85n_vi%C3%AAn),,,Việt Nam,,1987 – nay[2],https://vi.wikipedia.org/wiki/T%E1%BA%ADp_tin:Ngoc_hiep_dien_vien.jpg
193,Quang Sự,nan,,,,,,
194,Phạm Quỳnh Anh,https://vi.wikipedia.org/wiki/Ph%E1%BA%A1m_Qu%E1%BB%B3nh_Anh,Phạm Quỳnh Anh,"Phạm Quỳnh Anh; 24 tháng 8, 1984 (41 tuổi); Hà Nội, Việt Nam",Việt Nam,Ca sĩDiễn viên,,https://vi.wikipedia.org/wiki/T%E1%BA%ADp_tin:Pham_Quynh_Anh_in_B%E1%BB%99_3_Si%C3%AAu_%C4%90%E1%BA%B3ng_2019.jpg
195,Quốc Cường,nan,,,,,,
196,Hồng Ân,nan,,,,,,
197,Mai Cát Vi,nan,,,,,,
198,Lâm Thanh Mỹ,nan,,,,,,
199,Đại Nghĩa,https://vi.wikipedia.org/wiki/%C4%90%E1%BA%A1i_Ngh%C4%A9a_(di%E1%BB%85n_vi%C3%AAn),Bùi Đại Nghĩa,"Bùi Đại Nghĩa; 5 tháng 12, 1978 (46 tuổi); Thành phố Hồ Chí Minh, Việt Nam",Việt Nam,Diễn viênNgười dẫn chương trình,1999 – nay,https://vi.wikipedia.org/wiki/T%E1%BA%ADp_tin:DAI_NGHIA_-_YFSMV_2022.jpg
200,Lê Giang,https://vi.wikipedia.org/wiki/L%C3%AA_Giang,Nguyễn Thị Lê Giang,"Nguyễn Thị Lê Giang; 2 tháng 11, 1972 (52 tuổi)[1]; Vĩnh Long, Việt Nam Cộng hòa",Việt Nam,Diễn viênNghệ sĩ hàiNghệ sĩ cải lương,1987–nay,https://vi.wikipedia.org/wiki/T%E1%BA%ADp_tin:L%C3%AA_Giang.png
201,Hoài Linh,https://vi.wikipedia.org/wiki/Ho%C3%A0i_Linh,Võ Nguyễn Hoài Linh[1],"Võ Nguyễn Hoài Linh[1]; 18 tháng 12, 1969 (55 tuổi); Cam Ranh, Khánh Hòa, Việt Nam Cộng hòa",Việt Nam,Diễn viênNghệ sĩ hài,1987–nay,https://vi.wikipedia.org/wiki/T%E1%BA%ADp_tin:HoaiLinhin2020.jpg
202,Võ Đăng Khoa,nan,,,,,,
203,Nguyễn Anh Tú,nan,,,,,,
204,Nhã Uyên,https://vi.wikipedia.org/wiki/Nh%C3%A3_Uy%C3%AAn_(di%E1%BB%85n_vi%C3%AAn),,,Việt Nam,,,
205,Kiến An,https://vi.wikipedia.org/wiki/Ki%E1%BA%BFn_An_(di%E1%BB%85n_vi%C3%AAn),,,Việt Nam,,2004 - nay,
206,Phương Dung,nan,,,,,,
207,Huỳnh Đông,nan,,,,,,
208,Xuân Trang,nan,,,,,,
209,Quang Minh,nan,,,,,,
210,Duy Khánh,https://vi.wikipedia.org/wiki/Duy_Kh%C3%A1nh_(di%E1%BB%85n_vi%C3%AAn),Nguyễn Hữu Duy Khánh,"Nguyễn Hữu Duy Khánh; 4 tháng 1, 1995 (30 tuổi); Thành phố Hồ Chí Minh, Việt Nam",Việt Nam,Diễn viênNghệ sĩ hàiNgười dẫn chương trình,2011–nay,https://vi.wikipedia.org/wiki/T%E1%BA%ADp_tin:Duy_Kh%C3%A1nh_ZhouZhou_2.jpg
211,Phương Titi,nan,,,,,,
212,Nanon Korapat,nan,,,,,,
213,Minh Beta,nan,,,,,,
214,Trúc Anh Burin,nan,,,,,,
215,Thiên Nga,nan,,,,,,
216,Ribi Sachi,nan,,,,,,
217,Trương Minh Thảo,nan,,,,,,
218,Sella Trương,nan,,,,,,
219,Huỳnh Phương,nan,,,,,,
220,Vinh Râu,nan,,,,,,
221,Hứa Vỹ Văn,https://vi.wikipedia.org/wiki/H%E1%BB%A9a_V%C4%A9_V%C4%83n,Hứa Vĩ Văn,"Hứa Vĩ Văn; 25 tháng 12, 1979 (45 tuổi); Thành phố Hồ Chí Minh, Việt Nam",Việt Nam,Diễn viênNgười mẫuCa sĩ,2000 – nay,https://vi.wikipedia.org/wiki/T%E1%BA%ADp_tin:HuaViVan1979.jpg
222,Ngọc Tưởng,nan,,,,,,
223,Trường Phú,nan,,,,,,
224,Chu Diệp Anh,nan,,,,,,
225,H'Hen Niê,https://vi.wikipedia.org/wiki/H%27Hen_Ni%C3%AA,,"15 tháng 5, 1992 (33 tuổi); Đắk Lắk, Việt Nam",Việt Nam,Người mẫuNhân vật truyền hình,2015–nay,https://vi.wikipedia.org/wiki/T%E1%BA%ADp_tin:H%27HEN_NI%C3%8A_(cropped).png
226,Trương Ngọc Tình,nan,,,,,,
227,Hà Văn Hiếu,nan,,,,,,
228,Phạm Anh Tuấn,nan,,,,,,
229,Trần Lực,https://vi.wikipedia.org/wiki/Tr%E1%BA%A7n_L%E1%BB%B1c,,"15 tháng 9, 1963 (61 tuổi); Hà Nội, Việt Nam Dân chủ Cộng hòa",Việt Nam,Diễn viênNhà làm phim,1983 – nay,https://vi.wikipedia.org/wiki/T%E1%BA%ADp_tin:NS%C6%AFT_Tr%E1%BA%A7n_L%E1%BB%B1c.png
230,Avin Lu,nan,,,,,,
231,Lan Thy,nan,,,,,,
232,Hoàng Hà,https://vi.wikipedia.org/wiki/Ho%C3%A0ng_H%C3%A0,,,,,,https://vi.wikipedia.org/wiki/T%E1%BA%ADp_tin:Huanghemap.png
233,Bùi Lan Hương,https://vi.wikipedia.org/wiki/B%C3%B9i_Lan_H%C6%B0%C6%A1ng,Bùi Lan Hương,"Bùi Lan Hương; 11 tháng 6, 1989 (36 tuổi); Hà Nội, Việt Nam",Việt Nam,Ca sĩ kiêm sáng tác nhạc,2017–nay,https://vi.wikipedia.org/wiki/T%E1%BA%ADp_tin:B%C3%99I_LAN_H%C6%AF%C6%A0NG.png
234,Trương Thị May,nan,,,,,,
235,Nhất Duy,nan,,,,,,
236,Đức Hải,nan,,,,,,
237,Ngọc Trai,nan,,,,,,
238,Bảo Anh,https://vi.wikipedia.org/wiki/B%E1%BA%A3o_Anh_(di%E1%BB%85n_vi%C3%AAn),,,Việt Nam,,2007 – nay,
239,August Vachiravit,nan,,,,,,
240,Ngọc Lan Vy,nan,,,,,,
241,Bảo Thi,https://vi.wikipedia.org/wiki/B%E1%BA%A3o_Thy,Trần Thị Thúy Loan,"Trần Thị Thúy Loan; 2 tháng 6, 1988 (37 tuổi); Thành phố Hồ Chí Minh, Việt Nam",Việt Nam,Ca sĩNhạc sĩDiễn viên,2006–nay,https://vi.wikipedia.org/wiki/T%E1%BA%ADp_tin:B%E1%BA%A3o_Thy.png
242,Ngọc Trinh,https://vi.wikipedia.org/wiki/Ng%E1%BB%8Dc_Trinh_(ng%C6%B0%E1%BB%9Di_m%E1%BA%ABu),Trần Thị Ngọc Trinh,"Trần Thị Ngọc Trinh; 27 tháng 9, 1989 (35 tuổi); Cầu Quan, Tiểu Cần, Trà Vinh, Việt Nam",Việt Nam,Người mẫuDiễn viênDoanh nhân,2005–nay,https://vi.wikipedia.org/wiki/T%E1%BA%ADp_tin:Ngoc_Trinh_va_Fan_(cropped).png
243,Lê Lộc,nan,,,,,,
244,Nguyễn Thùy Anh,nan,,,,,,
245,Chi Pu,https://vi.wikipedia.org/wiki/Chi_Pu,Nguyễn Thùy Chi,"Nguyễn Thùy Chi; 14 tháng 6, 1993 (32 tuổi); Hà Nội, Việt Nam",Việt Nam,Ca sĩDiễn viênNgười mẫuNhân vật truyền hình,2009–nay,https://vi.wikipedia.org/wiki/T%E1%BA%ADp_tin:Chi_Pu_as_H%E1%BA%A1_Linh_in_She_Was_Pretty_(M%E1%BB%91i_t%C3%ACnh_%C4%91%E1%BA%A7u_c%E1%BB%A7a_t%C3%B4i).jpg
246,Rima Thanh Vy,https://vi.wikipedia.org/w/index.php?title=Rima_Thanh_Vy&action=edit&redlink=1,,,,,,
247,Bình Minh,https://vi.wikipedia.org/wiki/B%C3%ACnh_Minh_(ng%C6%B0%E1%BB%9Di_m%E1%BA%ABu),Nguyễn Bình Minh,"Nguyễn Bình Minh; 5 tháng 11, 1981 (43 tuổi); Lạng Sơn, Việt Nam",Việt Nam,Người mẫuDiễn viênNgười dẫn chương trình,2001 – nay,https://vi.wikipedia.org/wiki/T%E1%BA%ADp_tin:Actor_Nguyen_Binh_Minh.png
248,Anh Thư,https://vi.wikipedia.org/wiki/Anh_Th%C6%B0,Nguyễn Thị Anh Thư,"Nguyễn Thị Anh Thư; 26 tháng 4, 1982 (43 tuổi); Thành phố Hồ Chí Minh, Việt Nam",Việt Nam,Người mẫu Diễn viên,1999 – nay,https://vi.wikipedia.org/wiki/T%E1%BA%ADp_tin:Anh_Th%C6%B0.png
249,Phương Lan,nan,,,,,,
250,Thoại Tiên,nan,,,,,,
251,Ramani Raja,nan,,,,,,
252,Gia Bảo,nan,,,,,,
253,Anh Tài,nan,,,,,,
254,Sala Uyên Trinh,nan,,,,,,
255,Ngô Tiến Thành,nan,,,,,,
256,Hữu Tài,nan,,,,,,
257,Dược Sĩ Tiến,nan,,,,,,
258,Sam,https://vi.wikipedia.org/wiki/Sam_(di%E1%BB%85n_vi%C3%AAn),Nguyễn Hà My,"Nguyễn Hà My; 28 tháng 10, 1990 (34 tuổi); Long An, Việt Nam",Việt Nam,Diễn viênNgười mẫuNgười dẫn chương trình,2008–nay,https://vi.wikipedia.org/wiki/T%E1%BA%ADp_tin:SAM_Ha_My_2022.png
259,Trần Tiểu Vy,https://vi.wikipedia.org/wiki/Tr%E1%BA%A7n_Ti%E1%BB%83u_Vy,Trần Tiểu Vy,"Trần Tiểu Vy; 15 tháng 8, 2000 (25 tuổi); Hội An, Quảng Nam, Việt Nam",Việt Nam,Người mẫuNhân vật truyền hìnhDiễn viên,2018–nay,https://vi.wikipedia.org/wiki/T%E1%BA%ADp_tin:Tr%E1%BA%A7n_Ti%E1%BB%83u_Vy_(cropped).png
260,Trần Nghĩa,nan,,,,,,
261,Minh Dự,nan,,,,,,
262,Rima Thanh Vy,nan,,,,,,
263,Tóc Tiên,https://vi.wikipedia.org/wiki/T%C3%B3c_Ti%C3%AAn_(ca_s%C4%A9),Nguyễn Khoa Tóc Tiên,"Nguyễn Khoa Tóc Tiên; 13 tháng 5, 1989 (36 tuổi); Thành phố Hồ Chí Minh, Việt Nam",Việt Nam,Ca sĩ Vũ công Diễn viên,,https://vi.wikipedia.org/wiki/T%E1%BA%ADp_tin:T%C3%93C_TI%C3%8AN_2024_P3.jpg
264,Song Luân,https://vi.wikipedia.org/wiki/Song_Lu%C3%A2n,Nguyễn Trường Sinh,"Nguyễn Trường Sinh; 17 tháng 9, 1991 (33 tuổi); Đồng Nai, Việt Nam",Việt Nam,Diễn viên; Ca sĩ,2011 – nay,https://vi.wikipedia.org/wiki/T%E1%BA%ADp_tin:SongLuan1991.jpg
265,Đồng Ánh Quỳnh,nan,,,,,,
266,NSƯT Việt Anh,https://vi.wikipedia.org/wiki/Vi%E1%BB%87t_Anh_(ngh%E1%BB%87_s%C4%A9),Nguyễn Văn Liêm,"Nguyễn Văn Liêm; 11 tháng 6, 1958 (67 tuổi); Sài Gòn, Việt Nam Cộng hòa",Việt Nam,Diễn viên,1974 – nay,https://vi.wikipedia.org/wiki/T%E1%BA%ADp_tin:NSND_Viet_Anh_2025.png
267,Lê Dương Bảo Lâm,https://vi.wikipedia.org/wiki/L%C3%AA_D%C6%B0%C6%A1ng_B%E1%BA%A3o_L%C3%A2m,Thu Diễm (2 ngày 1 đêm); Long Vương (Tổ đội 1 không 2),"11 tháng 7, 1989 (36 tuổi); Đồng Nai, Việt Nam",Việt Nam,Diễn viênNghệ sĩ hàiNgười dẫn chương trình,2010 – nay,https://vi.wikipedia.org/wiki/T%E1%BA%ADp_tin:Duong_Lam_2020.jpg
268,Huỳnh Uyển Ân,nan,,,,,,
269,Kim Phương,nan,,,,,,
270,Ngọc Nga,nan,,,,,,
271,Cao Thiên Trang,https://vi.wikipedia.org/wiki/Cao_Thi%C3%AAn_Trang,Cao Thị Thiên Trang,"Cao Thị Thiên Trang; 1 tháng 10, 1993 (31 tuổi); Thành phố Hồ Chí Minh, Việt Nam",Vietnam,"Người mẫu, Diễn viên",2012–hiện tại,
272,Trà Ngọc,nan,,,,,,
273,Lê Phương,https://vi.wikipedia.org/wiki/L%C3%AA_Ph%C6%B0%C6%A1ng_(di%E1%BB%85n_vi%C3%AAn),Trang Dương Lê Phương,"Trang Dương Lê Phương; 28 tháng 8, 1985 (40 tuổi); Trà Vinh, Việt Nam",Việt Nam,Diễn viênNgười mẫuCa sĩ,2006–nay,https://vi.wikipedia.org/wiki/T%E1%BA%ADp_tin:L%C3%8A_PH%C6%AF%C6%A0NG_2023_(cropped).jpg
274,Quốc Huy,https://vi.wikipedia.org/wiki/Qu%E1%BB%91c_Huy_(di%E1%BB%85n_vi%C3%AAn),Võ Quốc Huy,"Võ Quốc Huy; 29 tháng 11, 1986 (38 tuổi); Cần Thơ, Việt Nam",Việt Nam,Diễn viên,2006–nay,https://vi.wikipedia.org/wiki/T%E1%BA%ADp_tin:QU%E1%BB%90C_HUY_(cropped).jpg
275,Nhật Kim Anh,https://vi.wikipedia.org/wiki/Nh%E1%BA%ADt_Kim_Anh,Đỗ Thị Kim Huê,"Đỗ Thị Kim Huê; 15 tháng 8, 1985 (40 tuổi); Thanh Hóa, Việt Nam",Việt Nam,Ca sĩDiễn viên,2001–nay,https://vi.wikipedia.org/wiki/T%E1%BA%ADp_tin:NH%E1%BA%ACT_KIM_ANH.jpg
276,NSƯT Hạnh Thúy,https://vi.wikipedia.org/wiki/H%E1%BA%A1nh_Th%C3%BAy,Ngô Phạm Hạnh Thúy,"Ngô Phạm Hạnh Thúy; 26 tháng 11, 1976 (48 tuổi); Bến Tre, Việt Nam",Việt Nam,Diễn viênĐạo diễn sân khấuNhà biên kịch,1997 – nay,https://vi.wikipedia.org/wiki/T%E1%BA%ADp_tin:Hanh_thuy.jpg
277,Bùi Anh Tú,https://vi.wikipedia.org/wiki/Anh_T%C3%BA_(sinh_1993),Bùi Anh Tú,"Bùi Anh Tú; 3 tháng 10, 1993 (31 tuổi); Hà Nội, Việt Nam",Việt Nam,Diễn viênCa sĩ,2012–nay,https://vi.wikipedia.org/wiki/T%E1%BA%ADp_tin:ANH_TU_2023.jpg
278,Nhật Trung,https://vi.wikipedia.org/wiki/Nh%E1%BA%ADt_Trung_(%C4%91%E1%BA%A1o_di%E1%BB%85n),Nguyễn Nhật Trung,"Nguyễn Nhật Trung; 8 tháng 1, 1972 (53 tuổi); Bình Định, Việt Nam",,Diễn viênđạo diễn,1995 – nay,https://vi.wikipedia.org/wiki/T%E1%BA%ADp_tin:NHAT_TRUNG_2023_P1.jpg
279,Ngọc Phước,nan,,,,,,
280,Midu,https://vi.wikipedia.org/wiki/Midu,Đặng Thị Mỹ Dung,"Đặng Thị Mỹ Dung; 5 tháng 10, 1989 (35 tuổi); Thành phố Hồ Chí Minh, Việt Nam",Việt Nam,Diễn viênNgười mẫu,2007 – nay,https://vi.wikipedia.org/wiki/T%E1%BA%ADp_tin:Midu_Um_Ba_La_Ra_Chu_Gi_2019(2).png
281,Phú Thịnh,nan,,,,,,
282,Lãnh Thanh,nan,,,,,,
283,Him Phạm,nan,,,,,,
284,Tiko Tiến Công,nan,,,,,,
285,Long Hoàng,nan,,,,,,
286,Lê Khánh,https://vi.wikipedia.org/wiki/L%C3%AA_Kh%C3%A1nh,Lê Kim Khánh,"Lê Kim Khánh; 24 tháng 12, 1981 (43 tuổi); Bến Tre, Việt Nam",Việt Nam,Diễn viênNgười dẫn chương trình,2002 – nay,https://vi.wikipedia.org/wiki/T%E1%BA%ADp_tin:L%C3%AA_Kh%C3%A1nh_3_cropped.jpg
287,Hoàng Oanh,nan,,,,,,
288,Võ Tấn Phát,https://vi.wikipedia.org/wiki/V%C3%B5_T%E1%BA%A5n_Ph%C3%A1t,,"27 tháng 7, 1995 (30 tuổi); Trà Ôn, Vĩnh Long, Việt Nam",,Diễn viênngười dẫn chương trình,2017 – nay,https://vi.wikipedia.org/wiki/T%E1%BA%ADp_tin:V%C3%B5_T%E1%BA%A5n_Ph%C3%A1t.png
289,Nguyên Thảo,nan,,,,,,
290,Ngọc Hoa,nan,,,,,,
291,Mỹ Tâm,https://vi.wikipedia.org/wiki/M%E1%BB%B9_T%C3%A2m,Phan Thị Mỹ Tâm,"Phan Thị Mỹ Tâm; 16 tháng 1, 1981 (44 tuổi); Đà Nẵng, Việt Nam",,Ca sĩ kiêm nhạc sĩ sáng tác bài hát Diễn viên Nhà làm phim,1999[1]–nay,https://vi.wikipedia.org/wiki/T%E1%BA%ADp_tin:MY_TAM_-_LIGHT_%26_SHADOW_LIVE_-_INAX_VIETNAM.jpg
292,Quốc Cường,https://vi.wikipedia.org/w/index.php?title=Qu%E1%BB%91c_C%C6%B0%E1%BB%9Dng&action=edit&redlink=1,,,,,,
293,Trung Dũng,https://vi.wikipedia.org/wiki/Trung_D%C5%A9ng_(di%E1%BB%85n_vi%C3%AAn),,,Việt Nam,,1999 – nay,https://vi.wikipedia.org/wiki/T%E1%BA%ADp_tin:Trung_Dung1973.jpg
294,Huy Khánh,https://vi.wikipedia.org/wiki/Huy_Kh%C3%A1nh,Trần Phan Huy Khánh,"Trần Phan Huy Khánh; 7 tháng 1, 1981 (44 tuổi); Thành phố Hồ Chí Minh, Việt Nam",Việt Nam,Diễn viênNgười dẫn chương trình,2000 – nay,https://vi.wikipedia.org/wiki/T%E1%BA%ADp_tin:Huy_Kh%C3%A1nh.png
295,Thanh Thức,https://vi.wikipedia.org/wiki/Thanh_Th%E1%BB%A9c,,,Việt Nam,,2006 – nay,https://vi.wikipedia.org/wiki/T%E1%BA%ADp_tin:ThanhThuc1984.jpg
296,Tạ Lâm,nan,,,,,,
297,Huỳnh Thi,nan,,,,,,
298,Diệp Bảo Ngọc,nan,,,,,,
299,Nguyễn Lâm Thảo Tâm,nan,,,,,,
300,Công Dương,https://vi.wikipedia.org/wiki/C%C3%B4ng_D%C6%B0%C6%A1ng,,,Việt Nam,,,
301,Võ Điền Gia Huy,nan,,,,,,
302,Lê Phong Vũ,nan,,,,,,
303,Nguyễn Thị Trúc Quỳnh,nan,,,,,,
304,Nguyễn Thịnh,nan,,,,,,
305,Vũ Ngọc Mạnh,nan,,,,,,
306,Trần Phong,https://vi.wikipedia.org/wiki/Tr%E1%BA%A7n_Phong,,,,,,
307,La Thành,https://vi.wikipedia.org/wiki/La_Th%C3%A0nh,,,,,,
308,Xuân Nghị,https://vi.wikipedia.org/wiki/Xu%C3%A2n_Ngh%E1%BB%8B,Đỗ Xuân Nghị,"Đỗ Xuân Nghị; 3 tháng 4, 1990 (35 tuổi); Khánh Hòa, Việt Nam",Việt Nam,"Diễn viên, Diễn viên hài",2010 – nay,https://vi.wikipedia.org/wiki/T%E1%BA%ADp_tin:XUAN_NGHI_2021.jpg
309,NSND Như Quỳnh,https://vi.wikipedia.org/wiki/Nh%C6%B0_Qu%E1%BB%B3nh_(di%E1%BB%85n_vi%C3%AAn),,,Việt Nam,,1973 – nay,https://vi.wikipedia.org/wiki/T%E1%BA%ADp_tin:Nhu_Quynh.jpg
310,NSƯT Quang Tèo,https://vi.wikipedia.org/wiki/Quang_T%C3%A8o,,,Việt Nam,,,https://vi.wikipedia.org/wiki/T%E1%BA%ADp_tin:Quang_T%C3%A8o.jpg
311,NSƯT Hồ Phong,https://vi.wikipedia.org/wiki/H%E1%BB%93_Phong_(%C4%91%E1%BB%8Bnh_h%C6%B0%E1%BB%9Bng),,,,,,
312,NSƯT Đới Anh Quân,nan,,,,,,
313,NSƯT Tú Oanh,https://vi.wikipedia.org/wiki/T%C3%BA_Oanh,Lê Tú Oanh,"Lê Tú Oanh; 2 tháng 11, 1968 (56 tuổi); Hà Nội, Việt Nam Dân chủ Cộng hòa",Việt Nam,Diễn viên,1990–nay,https://vi.wikipedia.org/wiki/T%E1%BA%ADp_tin:Tu_Oanh_from_%22Glorious_Ashes%22_at_Red_Carpet_of_the_Tokyo_International_Film_Festival_2022_(52461518003)_(cropped).jpg
314,Quách Thu Phương,https://vi.wikipedia.org/wiki/Qu%C3%A1ch_Thu_Ph%C6%B0%C6%A1ng,,,Việt Nam,,1996 – nay,
315,Thanh Hương,https://vi.wikipedia.org/wiki/Thanh_H%C6%B0%C6%A1ng_(di%E1%BB%85n_vi%C3%AAn),Nguyễn Thanh Hương,"Nguyễn Thanh Hương; 12 tháng 3, 1988 (37 tuổi); Hải Dương, Việt Nam",Việt Nam,Diễn viênCa sĩNgười dẫn chương trình,2006 – nay,
316,Chiến Thắng,https://vi.wikipedia.org/wiki/Chi%E1%BA%BFn_Th%E1%BA%AFng_(ngh%E1%BB%87_s%C4%A9),,,Việt Nam,,2001 – nay,https://vi.wikipedia.org/wiki/T%E1%BA%ADp_tin:Chi%E1%BA%BFn_Th%E1%BA%AFng.png
317,Quang Lâm,nan,,,,,,
318,Mai Long,nan,,,,,,
319,Quyên Qui,nan,,,,,,
320,Quang Thuận,nan,,,,,,
321,Isaac,https://vi.wikipedia.org/wiki/Isaac,,Canaan,,,,https://vi.wikipedia.org/wiki/T%E1%BA%ADp_tin:Isaac_a_Lover_of_Peace.jpg
322,Rocker Nguyễn,nan,,,,,,
323,Emma Lê,nan,,,,,,
324,Lợi Trần,nan,,,,,,
325,Ngọc Hồ,nan,,,,,,
326,NSƯT Công Ninh,https://vi.wikipedia.org/wiki/C%C3%B4ng_Ninh,Nguyễn Công Ninh,"Nguyễn Công Ninh; 28 tháng 1, 1962 (63 tuổi); Sài Gòn, Việt Nam Cộng hòa",Việt Nam,Diễn viên,1990 – nay,https://vi.wikipedia.org/wiki/T%E1%BA%ADp_tin:Cong_Ninh.jpg
327,Mai Tài Phến,https://vi.wikipedia.org/wiki/Mai_T%C3%A0i_Ph%E1%BA%BFn,Mai Đại Bình,"Mai Đại Bình; 25 tháng 5, 1991 (34 tuổi); Bạc Liêu, Việt Nam",Việt Nam,Diễn viên,2017–nay,https://vi.wikipedia.org/wiki/T%E1%BA%ADp_tin:MAI_T%C3%80I_PH%E1%BA%BEN_-_SONG_OF_THE_SOUTH_PREMIERE_-_SEPTEMBER_2023.jpg
328,NSƯT Quang Thắng,https://vi.wikipedia.org/wiki/Quang_Th%E1%BA%AFng,Đặng Quang Thắng[1][2],"Đặng Quang Thắng[1][2]; 21 tháng 10, 1968 (56 tuổi); Hải Phòng, Việt Nam Dân chủ Cộng hòa",Việt Nam,Diễn viênNghệ sĩ hài,1989 – nay[3],https://vi.wikipedia.org/wiki/T%E1%BA%ADp_tin:QuangThang1968.png
329,NSƯT Kim Oanh,https://vi.wikipedia.org/wiki/Kim_Oanh_(di%E1%BB%85n_vi%C3%AAn),Đào Kim Oanh,"Đào Kim Oanh; 31 tháng 10, 1975 (49 tuổi); Hà Nội, Việt Nam Dân chủ Cộng hòa",Việt Nam,Diễn viên,1998 – nay,
330,Đinh Ngọc Diệp,https://vi.wikipedia.org/wiki/Ng%E1%BB%8Dc_Di%E1%BB%87p,Đinh Ngọc Diệp,"Đinh Ngọc Diệp; 11 tháng 10, 1984 (40 tuổi); Thành phố Hồ Chí Minh, Việt Nam",Việt Nam,Diễn viênNgười mẫuNgười dẫn chương trìnhNhà báoNhà sản xuất điện ảnh,2006–nay,https://vi.wikipedia.org/wiki/T%E1%BA%ADp_tin:NG%E1%BB%8CC_DI%E1%BB%86P_2021.01.14_P2.jpg
331,Anh Dũng,nan,,,,,,
332,Quốc Huy,nan,,,,,,
333,Miu Lê,https://vi.wikipedia.org/wiki/Miu_L%C3%AA,Lê Ánh Nhật,"Lê Ánh Nhật; 5 tháng 7, 1991 (34 tuổi); Ninh Thuận, Việt Nam",Việt Nam,Ca sĩDiễn viên,2009–nay,https://vi.wikipedia.org/wiki/T%E1%BA%ADp_tin:MIU_L%C3%8A_1.jpg
334,Karik,https://vi.wikipedia.org/wiki/Karik,Phạm Hoàng Khoa,"Phạm Hoàng Khoa; 12 tháng 4, 1989 (36 tuổi); Hà Nam, Việt Nam",Việt Nam,RapperNhạc sĩDiễn viên,2008–nay,https://vi.wikipedia.org/wiki/T%E1%BA%ADp_tin:KARIK_Rapper.jpg
335,Lãnh Thanh,https://vi.wikipedia.org/w/index.php?title=L%C3%A3nh_Thanh&action=edit&redlink=1,,,,,,
336,Hoàng Hà,nan,,,,,,
337,Nghệ sĩ Viết Liên,nan,,,,,,
338,NSND Ngọc Thư,nan,,,,,,
339,Nguyễn Hữu Tiến,nan,,,,,,
340,Nghinh Lộc,nan,,,,,,
341,Lý Hồng Ân,nan,,,,,,
342,Vũ Đức Ngọc,nan,,,,,,
343,Thúy Ngân,https://vi.wikipedia.org/wiki/Th%C3%BAy_Ng%C3%A2n,Lê Huỳnh Thúy Ngân,"Lê Huỳnh Thúy Ngân; 5 tháng 4, 1991 (34 tuổi); Cai Lậy, Tiền Giang, Việt Nam",Việt Nam,Diễn viênNgười mẫuNgười dẫn chương trình,2009–nay,https://vi.wikipedia.org/wiki/T%E1%BA%ADp_tin:TH%C3%9AY_NG%C3%82N_P4.jpg
344,Mie,nan,,,,,,
345,Vân Dung,https://vi.wikipedia.org/wiki/V%C3%A2n_Dung,Lê Vân Dung,"Lê Vân Dung; 11 tháng 10, 1975 (49 tuổi); Thái Nguyên, Việt Nam Dân chủ Cộng hòa",Việt Nam,Diễn viênNghệ sĩ hài,1992 – nay,https://vi.wikipedia.org/wiki/T%E1%BA%ADp_tin:VanDung1975.png
346,Quốc Quân,nan,,,,,,
347,Kiến An,https://vi.wikipedia.org/wiki/Hu%E1%BB%B3nh_Ki%E1%BA%BFn_An,,,Việt Nam,,2004 - nay,
348,Đào Anh Tuấn,nan,,,,,,
349,Nam Thư,https://vi.wikipedia.org/wiki/Nam_Th%C6%B0,Trần Thị Nam Thư,"Trần Thị Nam Thư; 9 tháng 12, 1987 (37 tuổi); Vũng Tàu, Bà Rịa – Vũng Tàu, Việt Nam",,Diễn viênNgười dẫn chương trìnhNhà làm phim,2007 – nay,https://vi.wikipedia.org/wiki/T%E1%BA%ADp_tin:Namthu2022.jpg
350,Uyển Ân,nan,,,,,,
351,Hồng Đào,https://vi.wikipedia.org/wiki/H%E1%BB%93ng_%C4%90%C3%A0o_(di%E1%BB%85n_vi%C3%AAn),Nguyễn Đình Hồng Đào,"Nguyễn Đình Hồng Đào; 25 tháng 9, 1962 (62 tuổi); Buôn Mê Thuột, Đắk Lắk, Việt Nam Cộng hòa",,Diễn viên,1981 – nay,https://vi.wikipedia.org/wiki/T%E1%BA%ADp_tin:Hongdao.jpg
352,Anh Phạm,nan,,,,,,
353,Thanh Hằng,https://vi.wikipedia.org/wiki/Thanh_H%E1%BA%B1ng_(ngh%E1%BB%87_s%C4%A9_c%E1%BA%A3i_l%C6%B0%C6%A1ng),,,Việt Nam,,1975 – nay,https://vi.wikipedia.org/wiki/T%E1%BA%ADp_tin:Thanh_H%E1%BA%B1ng.png
354,Anh Đức,nan,,,,,,
355,Anh Tú Atus,https://vi.wikipedia.org/wiki/Anh_T%C3%BA_(sinh_1993),Bùi Anh Tú,"Bùi Anh Tú; 3 tháng 10, 1993 (31 tuổi); Hà Nội, Việt Nam",Việt Nam,Diễn viênCa sĩ,2012–nay,https://vi.wikipedia.org/wiki/T%E1%BA%ADp_tin:ANH_TU_2023.jpg
356,Ngọc Phước,https://vi.wikipedia.org/w/index.php?title=Ng%E1%BB%8Dc_Ph%C6%B0%E1%BB%9Bc&action=edit&redlink=1,,,,,,
357,Doãn Quốc Đam,https://vi.wikipedia.org/wiki/Do%C3%A3n_Qu%E1%BB%91c_%C4%90am,Đào Trọng Hùng,"Đào Trọng Hùng; 9 tháng 9, 1988 (37 tuổi); Thái Nguyên, Việt Nam",Việt Nam,Diễn viênNgười mẫu,2011–nay,
358,Cao Thị Thùy Linh,nan,,,,,,
359,Tuấn Hưng,https://vi.wikipedia.org/wiki/Tu%E1%BA%A5n_H%C6%B0ng,Nguyễn Tuấn Hưng,"Nguyễn Tuấn Hưng; 5 tháng 10, 1978 (46 tuổi); Hà Nội, Việt Nam",Việt Nam,Ca sĩ,1995 – nay,https://vi.wikipedia.org/wiki/T%E1%BA%ADp_tin:Tu%E1%BA%A5n_H%C6%B0ng_ATVNCG2024_(cropped).jpg
360,Thiện Hùng,nan,,,,,,
361,Trung Hiếu,https://vi.wikipedia.org/wiki/Trung_Hi%E1%BA%BFu_(di%E1%BB%85n_vi%C3%AAn),,,Việt Nam,,1993 – nay,https://vi.wikipedia.org/wiki/T%E1%BA%ADp_tin:Trung_Hieu_(nghe_sy).jpg
362,Anh Tuấn,nan,,,,,,
363,Nguyệt Hằng,https://vi.wikipedia.org/wiki/Nguy%E1%BB%87t_H%E1%BA%B1ng,,,,,,
364,Xuân Hồng,nan,,,,,,
365,Văn Lượng,nan,,,,,,
366,Phạm Minh Quang,nan,,,,,,
367,Tùng Lee,nan,,,,,,
368,Hải Quân,nan,,,,,,
369,Tiến Lợi,nan,,,,,,
370,Ngọc Ánh,nan,,,,,,
371,Thùy Trang,nan,,,,,,
372,Bùi Hải Vy,nan,,,,,,
373,Nguyễn Diệu Thúy,nan,,,,,,
374,Anh Đào,nan,,,,,,
375,Nguyễn Văn Toàn,nan,,,,,,
376,NSND Trung Anh,https://vi.wikipedia.org/wiki/Trung_Anh,,,Việt Nam,,1995 – nay,https://vi.wikipedia.org/wiki/T%E1%BA%ADp_tin:Trung_Anh.png
377,Vĩnh Xương,https://vi.wikipedia.org/wiki/V%C4%A9nh_X%C6%B0%C6%A1ng_(di%E1%BB%85n_vi%C3%AAn),,,Việt Nam,,2002–nay,
378,Thu Hường,https://vi.wikipedia.org/wiki/Thu_H%C6%B0%E1%BB%9Dng,,"29 tháng 7, 1976 (49 tuổi); Hà Nội, Việt Nam",,Diễn viên,1998 – nay,
379,Trang Nhung,https://vi.wikipedia.org/wiki/Trang_Nhung,,"8 tháng 12, 1973 (51 tuổi)",,Ca sĩ Doanh nhân Diễn viên nhạc sĩ,,
380,Hứa Minh Đạt,nan,,,,,,
381,Lâm Vỹ Dạ,https://vi.wikipedia.org/wiki/L%C3%A2m_V%E1%BB%B9_D%E1%BA%A1,Lê Thị Vỹ Dạ,"Lê Thị Vỹ Dạ; 1 tháng 9, 1989 (36 tuổi); Huế, Việt Nam",Việt Nam,Diễn viênNghệ sĩ hàiNgười dẫn chương trình,2005 – nay,
382,Thanh Trâm,nan,,,,,,
383,Kim Tử Long,https://vi.wikipedia.org/wiki/Kim_T%E1%BB%AD_Long,Hoàng Kim Long,"Hoàng Kim Long; 17 tháng 10, 1966 (58 tuổi); Sài Gòn, Việt Nam Cộng hòa",Việt Nam,Diễn viênNghệ sĩ cải lương,1990 – nay,
384,NSƯT Lê Thiện,https://vi.wikipedia.org/wiki/L%C3%AA_Thi%E1%BB%87n_(ngh%E1%BB%87_s%C4%A9),,,Việt Nam,,1957 – nay,https://vi.wikipedia.org/wiki/T%E1%BA%ADp_tin:L%C3%AA_Thi%E1%BB%87n.png
385,Kim Huyền,https://vi.wikipedia.org/wiki/Kim_Huy%E1%BB%81n,,,Việt Nam,,2000-nay,https://vi.wikipedia.org/wiki/T%E1%BA%ADp_tin:Kim_Huy%E1%BB%81n_(cropped).jpg
386,Cao Minh Đạt,https://vi.wikipedia.org/wiki/Cao_Minh_%C4%90%E1%BA%A1t,,,Việt Nam,,1995 – nay,https://vi.wikipedia.org/wiki/T%E1%BA%ADp_tin:CaoMinhDat1975.jpg
387,Bạch Công Khanh,https://vi.wikipedia.org/wiki/B%E1%BA%A1ch_C%C3%B4ng_Khanh,,,Việt Nam;  Hoa Kỳ,,2009 – nay,https://vi.wikipedia.org/wiki/T%E1%BA%ADp_tin:Bach_Cong_Khanh.png
388,Bạch Long,nan,,,,,,
389,Chí Tâm,nan,,,,,,
390,Maya,https://vi.wikipedia.org/wiki/Maya_(di%E1%BB%85n_vi%C3%AAn),Mai Thu Hường,"13 tháng 7, 1988 (37 tuổi); Hà Nội, Việt Nam",,Ca sĩ; Người mẫu; Diễn viên,,
391,Mai Thu Huyền,https://vi.wikipedia.org/wiki/Mai_Thu_Huy%E1%BB%81n,,"8 tháng 3, 1979 (46 tuổi); Hà Nội, Việt Nam",Việt Nam,Diễn viênNgười mẫuDoanh nhânNgười dẫn chương trìnhNhà làm phim,1995 – nay,https://vi.wikipedia.org/wiki/T%E1%BA%ADp_tin:MaiThuHuyen1979.jpg
392,Danh ca Nhật Hạ,nan,,,,,,
393,Trizzie Phương Trinh,nan,,,,,,
394,Baggio Saetti,nan,,,,,,
395,Đức Tiến,nan,,,,,,
396,Nguyễn Anh Dũng,nan,,,,,,
397,Jacqueline Thu Thảo,nan,,,,,,
398,Tôn Kinh Lâm,nan,,,,,,
399,Khánh Vân,nan,,,,,,
400,Khazsak,nan,,,,,,
401,Xuân Lan,https://vi.wikipedia.org/wiki/Xu%C3%A2n_Lan,Nguyễn Thị Xuân Lan,"Nguyễn Thị Xuân Lan; 12 tháng 8, 1978 (47 tuổi); Thành phố Hồ Chí Minh, Việt Nam",,Người mẫu; Diễn viên; Đạo diễn thời trang,,https://vi.wikipedia.org/wiki/T%E1%BA%ADp_tin:Xuanlan2019.jpg
402,Lâm Thanh Nhã,nan,,,,,,
403,Quang Minh,https://vi.wikipedia.org/wiki/Quang_Minh_(di%E1%BB%85n_vi%C3%AAn),Võ Quang Minh,"Võ Quang Minh; 20 tháng 11, 1959 (65 tuổi); Gò Công, Tiền Giang, Việt Nam Cộng hòa",Hoa Kỳ; Việt Nam,Diễn viên,1985 – nay,https://vi.wikipedia.org/wiki/T%E1%BA%ADp_tin:Quangminh.jpg
404,Trâm Anh,nan,,,,,,
405,Lê Thu,nan,,,,,,
406,Đắc Tín,nan,,,,,,
407,Ceri,nan,,,,,,
408,Bảo Tiên,nan,,,,,,
409,Hồng Anh,nan,,,,,,
410,Ngân Chi,https://vi.wikipedia.org/wiki/Ng%C3%A2n_Chi,,,Việt Nam,,2016 – nay,
411,Hoàng Long,nan,,,,,,
412,Trương Thế Vinh,https://vi.wikipedia.org/wiki/Tr%C6%B0%C6%A1ng_Th%E1%BA%BF_Vinh,Nguyễn Xuân Vinh,"Nguyễn Xuân Vinh; 22 tháng 5, 1984 (41 tuổi); Đà Nẵng, Việt Nam",Việt Nam,Ca sĩDiễn viênNgười mẫuNgười dẫn chương trình,2001 – nay,https://vi.wikipedia.org/wiki/T%E1%BA%ADp_tin:Truong_The_Vinh.png
413,Lương Bích Hữu,https://vi.wikipedia.org/wiki/L%C6%B0%C6%A1ng_B%C3%ADch_H%E1%BB%AFu,Lương Bích Hảo[1],"Lương Bích Hảo[1]; 1 tháng 9, 1984 (41 tuổi); Thành phố Hồ Chí Minh, Việt Nam",Việt Nam,Ca sĩNgười mẫuDiễn viênNhạc sĩ,,https://vi.wikipedia.org/wiki/T%E1%BA%ADp_tin:L%C6%B0%C6%A1ng_B%C3%ADch_H%E1%BB%AFu_2022.jpg
414,Rocker Nguyen,https://vi.wikipedia.org/wiki/Rocker_Nguyen,,,Việt Nam,,2016 – 2018; 2022 – nay,https://vi.wikipedia.org/wiki/T%E1%BA%ADp_tin:Rocker_Nguyen.png
415,Naomi,nan,,,,,,
416,Trần Nghĩa,https://vi.wikipedia.org/wiki/Tr%E1%BA%A7n_Ngh%C4%A9a_(di%E1%BB%85n_vi%C3%AAn),Trần Tuấn Nghĩa,"Trần Tuấn Nghĩa; 13 tháng 1, 1993 (32 tuổi); Chương Mỹ, Hà Nội, Việt Nam",,Diễn viên,2015 – nay,https://vi.wikipedia.org/wiki/T%E1%BA%ADp_tin:Tran_Nghia.png
417,NSND Thanh Nam,https://vi.wikipedia.org/wiki/Thanh_Nam,,,Việt Nam,,,
418,Đức Sơn,nan,,,,,,
419,Dạ Chúc,nan,,,,,,
420,NSƯT Thành Lộc,https://vi.wikipedia.org/wiki/Th%C3%A0nh_L%E1%BB%99c,Nguyễn Thành Lộc,"Nguyễn Thành Lộc; 3 tháng 11, 1961 (63 tuổi); Sài Gòn, Việt Nam Cộng hòa",Việt Nam,Diễn viênDoanh nhânĐạo diễn sân khấu,1983 – nay,https://vi.wikipedia.org/wiki/T%E1%BA%ADp_tin:Th%C3%A0nh_L%E1%BB%99c.png
421,NSƯT Diệu Đức,nan,,,,,,
422,Cẩm Ly,https://vi.wikipedia.org/wiki/C%E1%BA%A9m_Ly,Trần Thị Cẩm Ly,"Trần Thị Cẩm Ly; 30 tháng 3, 1970 (55 tuổi); Sài Gòn, Việt Nam Cộng hòa",Việt Nam,Ca sĩ,,https://vi.wikipedia.org/wiki/T%E1%BA%ADp_tin:Cam_Ly_1.png
423,Minh Khang,nan,,,,,,
424,Quyền Linh,https://vi.wikipedia.org/wiki/Quy%E1%BB%81n_Linh,,,Việt Nam,,1992 – nay,https://vi.wikipedia.org/wiki/T%E1%BA%ADp_tin:Quy%E1%BB%81n_Linh_2020.png
425,Minh Luân,https://vi.wikipedia.org/wiki/Minh_Lu%C3%A2n,Phạm Minh Luân,"Phạm Minh Luân; 11 tháng 8, 1985 (40 tuổi); Đồng Tháp, Việt Nam",Việt Nam,Diễn viênCa sĩ,2008 – nay,https://vi.wikipedia.org/wiki/T%E1%BA%ADp_tin:MinhLuan1985.jpg
426,Kiều Oanh,https://vi.wikipedia.org/wiki/Ki%E1%BB%81u_Oanh,Nguyễn Kiều Oanh,"Nguyễn Kiều Oanh; 20 tháng 10, 1974 (50 tuổi); An Phú, An Giang, Việt Nam Cộng hòa",Việt Nam,Diễn viên hài; Diễn viên điện ảnh; Diễn viên kịch; Nghệ sĩ cải lương (trước kia),1995 - nay,
427,Trần Kim Hải,nan,,,,,,
428,Thúy Diễm,https://vi.wikipedia.org/wiki/Th%C3%BAy_Di%E1%BB%85m,,,Việt Nam,,2009 – nay,
429,Doãn Hoàng,nan,,,,,,
430,Trần Thiên Tú,nan,,,,,,
431,SyNi Trang,nan,,,,,,
432,Hải Nam,nan,,,,,,
433,Henry Nguyễn,nan,,,,,,
434,Huỳnh Anh Tuấn,https://vi.wikipedia.org/wiki/Hu%E1%BB%B3nh_Anh_Tu%E1%BA%A5n,,,Việt Nam,,1989 – nay,https://vi.wikipedia.org/wiki/T%E1%BA%ADp_tin:Huynhanhtuan_(cropped).jpg
435,Cát Hạ,nan,,,,,,
436,Huy Anh,nan,,,,,,
437,Minh Thảo,nan,,,,,,
438,Mr Kim,nan,,,,,,
439,Yu ChU,nan,,,,,,
440,Sam Sony,nan,,,,,,
441,Bảo Uyên,nan,,,,,,
442,Tuệ Minh,nan,,,,,,
443,Ái Vân,nan,,,,,,
444,Anna Linh,nan,,,,,,
445,Hoàng Sơn,nan,,,,,,
446,Anvi Lu,nan,,,,,,
447,Ngọc Xuân,nan,,,,,,
448,Đỗ Nhật Hoàng,nan,,,,,,
449,Huỳnh Hạo Khang,nan,,,,,,
450,Đỗ Kỳ Phong,nan,,,,,,
451,Tấn Thi,https://vi.wikipedia.org/wiki/T%E1%BA%A5n_Thi,,,,,,
452,Ngân Quỳnh,https://vi.wikipedia.org/wiki/Ng%C3%A2n_Qu%E1%BB%B3nh,,,Việt Nam,,2002 - nay,
453,Nguyễn Thúc Thùy Tiên,https://vi.wikipedia.org/wiki/Nguy%E1%BB%85n_Th%C3%BAc_Th%C3%B9y_Ti%C3%AAn,,"12 tháng 8, 1998 (27 tuổi); Thành phố Hồ Chí Minh, Việt Nam",Việt Nam,Người mẫuNhân vật truyền hình,2017–2025[a],https://vi.wikipedia.org/wiki/T%E1%BA%ADp_tin:Nguyen_Thuc_Thuy_Tien_2024.jpg
454,Đoàn Minh Tài,https://vi.wikipedia.org/wiki/%C4%90o%C3%A0n_Minh_T%C3%A0i,Đoàn Thanh Tài,"Đoàn Thanh Tài; 29 tháng 11, 1984 (40 tuổi); Bến Tre, Việt Nam",Việt Nam,Diễn viênNgười mẫuKinh doanh,2008–nay,https://vi.wikipedia.org/wiki/T%E1%BA%ADp_tin:%C4%90o%C3%A0n_Minh_T%C3%A0i.png
455,Lê Văn Anh,nan,,,,,,
456,Bảo Duy,nan,,,,,,
457,Ngân Thảo,nan,,,,,,
458,Đoàn Thiên Ân,https://vi.wikipedia.org/wiki/%C4%90o%C3%A0n_Thi%C3%AAn_%C3%82n,,"13 tháng 4, 2000 (25 tuổi); Long An, Việt Nam",Việt Nam,Người mẫuNhân vật truyền hình,2019–nay,https://vi.wikipedia.org/wiki/T%E1%BA%ADp_tin:Doan_Thien_An_2023.png
459,Tuấn Khải,nan,,,,,,
460,Khương Ngọc,https://vi.wikipedia.org/wiki/Kh%C6%B0%C6%A1ng_Ng%E1%BB%8Dc,Huỳnh Quang Ngọc,"Huỳnh Quang Ngọc; 26 tháng 7, 1984 (41 tuổi); Nha Trang, Khánh Hòa, Việt Nam",Việt Nam,Diễn viênNgười dẫn chương trìnhNhạc sĩCa sĩNhà làm phim,2003–nay,https://vi.wikipedia.org/wiki/T%E1%BA%ADp_tin:KHUONG_NGOC_2021.jpg
461,Đinh Y Nhung,https://vi.wikipedia.org/wiki/%C4%90inh_Y_Nhung,,"8 tháng 4, 1980 (45 tuổi); Ba Tơ, Quảng Ngãi, Việt Nam",Việt Nam,Diễn viên,2002 – nay,https://vi.wikipedia.org/wiki/T%E1%BA%ADp_tin:Dinh_Y_Nhung.png
462,Hùng Anh,nan,,,,,,
463,Nhật Linh,nan,,,,,,
464,Phương Duyên,nan,,,,,,
465,Ngọc Trai,https://vi.wikipedia.org/wiki/V%C3%B5_Ng%E1%BB%8Dc_Trai,,,Việt Nam,,2001 – nay,https://vi.wikipedia.org/wiki/T%E1%BA%ADp_tin:V%C3%B5_Ng%E1%BB%8Dc_Trai.png
466,Vũ Long,nan,,,,,,
467,Kỳ Duyên,nan,,,,,,
468,Ma Ran Tô,nan,,,,,,
469,Thanh Sơn,https://vi.wikipedia.org/wiki/Thanh_S%C6%A1n_(di%E1%BB%85n_vi%C3%AAn),,,Việt Nam,,2010 - nay,https://vi.wikipedia.org/wiki/T%E1%BA%ADp_tin:Thanh_S%C6%A1n.png
470,Chiều Xuân,https://vi.wikipedia.org/wiki/Chi%E1%BB%81u_Xu%C3%A2n,,,Việt Nam,,,
471,Thu Hương,nan,,,,,,
472,Mạnh Cường,nan,,,,,,
473,Quang Tèo,https://vi.wikipedia.org/wiki/Quang_T%C3%A8o,,,Việt Nam,,,https://vi.wikipedia.org/wiki/T%E1%BA%ADp_tin:Quang_T%C3%A8o.jpg
474,Hải Anh,nan,,,,,,
475,Hoàng Kim Ngọc,nan,,,,,,
476,Phạm Tuấn Anh,nan,,,,,,
477,Trần Quang Minh,https://vi.wikipedia.org/wiki/Tr%E1%BA%A7n_Quang_Minh_(bi%C3%AAn_t%E1%BA%ADp_vi%C3%AAn),,"18 tháng 6, 1975 (50 tuổi); Hà Nội, Việt Nam Dân chủ Cộng hòa",,,2002 – nay,https://vi.wikipedia.org/wiki/T%E1%BA%ADp_tin:Tran_Quang_Minh_2025.png
478,Bé An Bình,nan,,,,,,
479,Đình Khang,nan,,,,,,
480,Huỳnh Lập,https://vi.wikipedia.org/wiki/Hu%E1%BB%B3nh_L%E1%BA%ADp,Huỳnh Ngọc Lập,"Huỳnh Ngọc Lập; 17 tháng 5, 1993 (32 tuổi); Long Xuyên, An Giang, Việt Nam",Việt Nam,Diễn viênNghệ sĩ hàiDoanh nhânNhà làm phim,2012–nay,https://vi.wikipedia.org/wiki/T%E1%BA%ADp_tin:Huynh_Lap_(2018).png
481,Phương Mỹ Chi,https://vi.wikipedia.org/wiki/Ph%C6%B0%C6%A1ng_M%E1%BB%B9_Chi,Phương Mỹ Chi,"Phương Mỹ Chi; 13 tháng 1, 2003 (22 tuổi); Thành phố Hồ Chí Minh, Việt Nam",Việt Nam,Ca sĩnhạc sĩdiễn viên,2013 – nay,https://vi.wikipedia.org/wiki/T%E1%BA%ADp_tin:PH%C6%AF%C6%A0NG_M%E1%BB%B8_CHI_2023.10.18.jpg
482,Puka,https://vi.wikipedia.org/wiki/Puka,Nguyễn Kiều Cẩm Thơ,"Nguyễn Kiều Cẩm Thơ; 30 tháng 10, 1989 (35 tuổi)[a]; Lai Vung, Đồng Tháp, Việt Nam",Việt Nam,Diễn viênNgười dẫn chương trình,2010–nay,https://vi.wikipedia.org/wiki/T%E1%BA%ADp_tin:Puka_in_Chon_Dau_Cho_Dung_2020.png
483,Hạnh Thúy,https://vi.wikipedia.org/wiki/H%E1%BA%A1nh_Th%C3%BAy,Ngô Phạm Hạnh Thúy,"Ngô Phạm Hạnh Thúy; 26 tháng 11, 1976 (48 tuổi); Bến Tre, Việt Nam",Việt Nam,Diễn viênĐạo diễn sân khấuNhà biên kịch,1997 – nay,https://vi.wikipedia.org/wiki/T%E1%BA%ADp_tin:Hanh_thuy.jpg
484,Hà Trung,nan,,,,,,
485,Tuấn Dũng,nan,,,,,,
486,Minh Hoàng,nan,,,,,,
487,NSƯT Cao Minh,nan,,,,,,
488,Diễm Hằng,nan,,,,,,
489,Cao Sang Lê,nan,,,,,,
490,Khánh Ly,nan,,,,,,
491,Hoàng Minh Triết,nan,,,,,,
492,Nhật Ý,nan,,,,,,
493,Tín Nguyễn,nan,,,,,,
494,Bảo Ngọc,nan,,,,,,
495,NSƯT Kim Phương,nan,,,,,,
496,Tuyết Thu,https://vi.wikipedia.org/wiki/Tuy%E1%BA%BFt_Thu,Liễu Thị Tuyết Thu,"Liễu Thị Tuyết Thu; 17 tháng 9, 1971 (54 tuổi); Sài Gòn, Việt Nam Cộng hòa",,Diễn viên,2002–nay,https://vi.wikipedia.org/wiki/T%E1%BA%ADp_tin:Tuy%E1%BA%BFt_Thu.png
497,Tiết Cương,https://vi.wikipedia.org/wiki/Ti%E1%BA%BFt_C%C6%B0%C6%A1ng,,,Việt Nam,,1993 – nay,https://vi.wikipedia.org/wiki/T%E1%BA%ADp_tin:Tiet_Cuong.png
498,Đoàn Thế Vinh,nan,,,,,,
499,Hồng Thu,nan,,,,,,
500,Yuno BigBoi,nan,,,,,,
501,Rio Hạo Nhiên,nan,,,,,,
502,Hồ Đông Quan,nan,,,,,,
503,Cherry Hải My,nan,,,,,,
504,Lê Tuấn Khang,nan,,,,,,
505,Đoàn Minh Anh,nan,,,,,,
506,NSND Mỹ Uyên,nan,,,,,,
507,NSƯT Xuân Trang,nan,,,,,,
508,Quốc Tân,nan,,,,,,
509,Sỹ Toàn,nan,,,,,,
510,Huỳnh Tú Uyên,nan,,,,,,
511,Hoa Thảo,nan,,,,,,
512,Trần Vân Anh,nan,,,,,,
513,Nam Nam,nan,,,,,,
514,Vương Thanh Tùng,nan,,,,,,
515,Hồ Quang,nan,,,,,,
516,Kay Trần,https://vi.wikipedia.org/wiki/Kay_Tr%E1%BA%A7n,Trần Anh Khoa,"Trần Anh Khoa; 6 tháng 5, 1994 (31 tuổi); Thành phố Hồ Chí Minh, Việt Nam",Việt Nam,Ca sĩNhạc sĩRapperVũ côngDiễn viên,,https://vi.wikipedia.org/wiki/T%E1%BA%ADp_tin:Kay_Tr%E1%BA%A7n_ATVNCG2024_(cropped).jpg
517,Thanh Duy,https://vi.wikipedia.org/wiki/Thanh_Duy,Phạm Trần Thanh Duy,"Phạm Trần Thanh Duy; 30 tháng 11, 1986 (38 tuổi); Trà Vinh, Việt Nam",Việt Nam,Ca sĩDiễn viên,2008–nay,https://vi.wikipedia.org/wiki/T%E1%BA%ADp_tin:Thanh_Duy_2025.jpg
518,Mạc Trung Kiên,https://vi.wikipedia.org/wiki/M%E1%BA%A1c_Trung_Ki%C3%AAn,Mạc Trung Kiên,"Mạc Trung Kiên; 13 tháng 6, 1996 (29 tuổi); Kinh Môn, Hải Dương, Việt Nam",Việt Nam,Người mẫu; Người mẫu ảnh,,
519,Lâm Hoàng Oanh,nan,,,,,,
520,Đỗ Tuyển,nan,,,,,,
521,Lâm Nguyễn,nan,,,,,,
522,Quang Sơn,nan,,,,,,
523,Phương Thanh,nan,,,,,,
524,NSND Đào Bá Sơn,https://vi.wikipedia.org/wiki/%C4%90%C3%A0o_B%C3%A1_S%C6%A1n,,,Việt Nam,,1978 – nay,
525,Đức Khuê,https://vi.wikipedia.org/wiki/%C4%90%E1%BB%A9c_Khu%C3%AA,,,Việt Nam,,1994 – nay,
526,NSND Hồng Vân,nan,,,,,,
527,Phan Vũ,nan,,,,,,
528,Lý Hạo Mạnh Quỳnh,nan,,,,,,
529,Hoàng Hà,https://vi.wikipedia.org/wiki/Ho%C3%A0ng_H%C3%A0_(di%E1%BB%85n_vi%C3%AAn),,"11 tháng 12, 1996 (28 tuổi); Hà Nội, Việt Nam",Việt Nam,Diễn viên,2015–nay,https://vi.wikipedia.org/wiki/T%E1%BA%ADp_tin:HO%C3%80NG_H%C3%80_(cropped).jpg
530,Kiều Anh,https://vi.wikipedia.org/wiki/Ki%E1%BB%81u_Anh,,,Việt Nam,,,https://vi.wikipedia.org/wiki/T%E1%BA%ADp_tin:KieuAnh1981.png
531,A Tới (VSlifff),nan,,,,,,
532,Huỳnh Mai Cát Tiên,nan,,,,,,
533,Bích Hằng,nan,,,,,,
534,Phạm Nhật Linh,nan,,,,,,
535,Nguyễn Sĩ Hậu,nan,,,,,,
536,Nguyễn Quốc Hùng,nan,,,,,,
537,Nguyễn Minh Hà,nan,,,,,,
538,Sơn X,nan,,,,,,
539,Mai Xuân Thành,nan,,,,,,
540,Hà Thu Nguyệt,nan,,,,,,
541,Nguyễn Đức Anh,nan,,,,,,
542,Giàng A Phá,nan,,,,,,
543,Lê Chí Anh,nan,,,,,,
544,Minh Đức,nan,,,,,,
545,Vũ Trung Đức,nan,,,,,,
546,Jung ll-woo,nan,,,,,,
547,Juliet Bảo Ngọc,nan,,,,,,
548,Hồng Vân,https://vi.wikipedia.org/wiki/H%E1%BB%93ng_V%C3%A2n_(ngh%E1%BB%87_s%C4%A9),Ngô Đặng Hồng Vân,"Ngô Đặng Hồng Vân; 26 tháng 5, 1966 (59 tuổi); Từ Sơn, Bắc Ninh, Việt Nam Dân chủ Cộng hòa",Việt Nam,Diễn viênĐạo diễn sân khấuNhà sản xuấtDoanh nhân,1989 – nay,https://vi.wikipedia.org/wiki/T%E1%BA%ADp_tin:HongVan1966.jpg
549,Hoàng Linh,nan,,,,,,
550,Thân Thúy Hà,https://vi.wikipedia.org/wiki/Th%C3%A2n_Th%C3%BAy_H%C3%A0,,,Việt Nam,,2004 – nay,https://vi.wikipedia.org/wiki/T%E1%BA%ADp_tin:Th%C3%A2n_Th%C3%BAy_H%C3%A0_2014.png
551,Trọng Hải,https://vi.wikipedia.org/wiki/Tr%E1%BB%8Dng_H%E1%BA%A3i,,,Việt Nam,,,
552,Hòa Minzy,https://vi.wikipedia.org/wiki/H%C3%B2a_Minzy,Nguyễn Thị Hòa,"Nguyễn Thị Hòa; 31 tháng 5, 1995 (30 tuổi); Quế Tân, Quế Võ, Bắc Ninh, Việt Nam",Việt Nam,Ca sĩNgười dẫn chương trìnhDiễn viên,2014–nay,https://vi.wikipedia.org/wiki/T%E1%BA%ADp_tin:H%C3%B2a_Minzy.png
553,Thúy Hà,https://vi.wikipedia.org/wiki/Th%C3%BAy_H%C3%A0_(di%E1%BB%85n_vi%C3%AAn),,,Việt Nam,,1997 – nay,https://vi.wikipedia.org/wiki/T%E1%BA%ADp_tin:%C4%90inh_Th%E1%BB%8B_Th%C3%BAy_H%C3%A0.png
554,Phương Nam,nan,,,,,,
555,Nguyễn Thanh Vân,nan,,,,,,
556,Nguyễn Hùng,nan,,,,,,
557,Steven Nguyễn,nan,,,,,,
558,Hạ Anh,nan,,,,,,
559,NSƯT Hoài Linh,https://vi.wikipedia.org/wiki/Ho%C3%A0i_Linh,Võ Nguyễn Hoài Linh[1],"Võ Nguyễn Hoài Linh[1]; 18 tháng 12, 1969 (55 tuổi); Cam Ranh, Khánh Hòa, Việt Nam Cộng hòa",Việt Nam,Diễn viênNghệ sĩ hài,1987–nay,https://vi.wikipedia.org/wiki/T%E1%BA%ADp_tin:HoaiLinhin2020.jpg
560,JJ Krissanapoom,nan,,,,,,
561,Công Dương,nan,,,,,,
562,Ngọc Ánh,https://vi.wikipedia.org/wiki/Ng%E1%BB%8Dc_%C3%81nh,Trương Thị Ngọc Ánh,"Trương Thị Ngọc Ánh; 20 tháng 6, 1964 (61 tuổi)[1]; Sài Gòn, Việt Nam Cộng hòa",,Ca sĩ,1985–nay,
563,Hoàng Anh Duy,nan,,,,,,
564,NSƯT Mỹ Duyên,https://vi.wikipedia.org/wiki/M%E1%BB%B9_Duy%C3%AAn,Lê Huỳnh Mỹ Duyên,"Lê Huỳnh Mỹ Duyên; 2 tháng 3, 1972 (53 tuổi); Sài Gòn, Việt Nam Cộng hòa",Việt Nam,Diễn viên,1990 – nay,https://vi.wikipedia.org/wiki/T%E1%BA%ADp_tin:M%E1%BB%B9_Duy%C3%AAn_2024.jpg
565,Trương Minh Cường,nan,,,,,,
566,Lộ Lộ,nan,,,,,,
567,Tiểu Bảo Quốc,nan,,,,,,
568,Lê Quốc Nam,nan,,,,,,
569,Hữu Vi,nan,,,,,,
570,Trà My,nan,,,,,,
571,Tuyết Anh,nan,,,,,,
572,Nguyễn Xuân Thắng,nan,,,,,,
573,Bé Quyên,nan,,,,,,
574,Lương Gia Huy,nan,,,,,,
575,Thái Trà My,nan,,,,,,
576,Dũng Bino,nan,,,,,,
577,Tạ Minh Tâm,https://vi.wikipedia.org/wiki/T%E1%BA%A1_Minh_T%C3%A2m_(ca_s%C4%A9),,,Việt Nam,,1994 – nay,
578,Lee Kwang Soo,https://vi.wikipedia.org/wiki/Lee_Kwang-soo,,"14 tháng 7, 1985 (40 tuổi); Namyangju, Gyeonggi, Hàn Quốc",Hàn Quốc,"Diễn viên, Nghệ sĩ giải trí, Người mẫu",2007–nay,https://vi.wikipedia.org/wiki/T%E1%BA%ADp_tin:211126_Lee_Kwang-soo.jpg
579,Cù Thị Trà,nan,,,,,,
580,Băng Di,https://vi.wikipedia.org/wiki/B%C4%83ng_Di,Nguyễn Bảo Trinh,"Nguyễn Bảo Trinh; 19 tháng 6, 1990 (35 tuổi); Thành phố Hồ Chí Minh, Việt Nam",Việt Nam,Diễn viênCa sĩNgười mẫu,2008–nay,https://vi.wikipedia.org/wiki/T%E1%BA%ADp_tin:B%C4%82NG_DI.jpg
581,Kim Hải,nan,,,,,,
582,Thành Hội,nan,,,,,,
583,Ái Như,nan,,,,,,
584,NSƯT Hữu Trọng,nan,,,,,,
585,Mai Sơn Lâm,nan,,,,,,
586,Hà Linh,nan,,,,,,
587,Quách Ngọc Ngoan,https://vi.wikipedia.org/wiki/Qu%C3%A1ch_Ng%E1%BB%8Dc_Ngoan,,,Việt Nam,,2008 – nay,https://vi.wikipedia.org/wiki/T%E1%BA%ADp_tin:Qu%C3%A1ch_Ng%E1%BB%8Dc_Ngoan.jpg
588,Xuân Văn,nan,,,,,,
589,Việt Hưng,nan,,,,,,
590,Ma Ran Đô,nan,,,,,,
591,Mộc Trà,nan,,,,,,
592,Hoài Lâm,https://vi.wikipedia.org/wiki/Ho%C3%A0i_L%C3%A2m,Nguyễn Tuấn Lộc,"Nguyễn Tuấn Lộc; 1 tháng 7, 1995 (30 tuổi); Bình Tân, Vĩnh Long, Việt Nam",Việt Nam,Ca sĩDiễn viên,,https://vi.wikipedia.org/wiki/T%E1%BA%ADp_tin:HOAI_LAM_2022.jpg
593,Đình Hiếu,nan,,,,,,
594,Hoàng Trinh,nan,,,,,,
595,TBA,nan,,,,,,
596,Thanh Hằng,https://vi.wikipedia.org/wiki/Thanh_H%E1%BA%B1ng,Phạm Thị Thanh Hằng,"Phạm Thị Thanh Hằng; 22 tháng 7, 1983 (42 tuổi); Đà Nẵng, Việt Nam",Việt Nam,Diễn viên điện ảnh; Siêu mẫu; Hoa hậu; Nhà sản xuất phim,,https://vi.wikipedia.org/wiki/T%E1%BA%ADp_tin:Thanh_Hang.png
597,Xuân Hinh,https://vi.wikipedia.org/wiki/Xu%C3%A2n_Hinh,Bùi Xuân Hinh,"Bùi Xuân Hinh; 8 tháng 4, 1963 (62 tuổi); Thôn Yên Việt, xã Đông Cứu, tỉnh Bắc Ninh, Việt Nam Dân chủ Cộng hòa",Việt Nam,Diễn viênNghệ sĩ hàiNghệ sĩ chèo,1977 – nay,
598,Trần Bảo Nam,nan,,,,,,
599,Miss Thy,nan,,,,,,
600,Dustin Nguyễn,https://vi.wikipedia.org/wiki/Dustin_Nguy%E1%BB%85n,Nguyễn Xuân Trí,"Nguyễn Xuân Trí; 17 tháng 9, 1962 (63 tuổi); Sài Gòn, Việt Nam Cộng hòa",Hoa Kỳ; Việt Nam,Diễn viênNhà làm phim,1985–nay,https://vi.wikipedia.org/wiki/T%E1%BA%ADp_tin:DUSTIN_NGUY%E1%BB%84N_P1.jpg
601,NSND Tự Long,https://vi.wikipedia.org/wiki/T%E1%BB%B1_Long,Vũ Tự Long,"Vũ Tự Long; 22 tháng 12, 1973 (51 tuổi); Hà Bắc, Việt Nam Dân chủ Cộng hòa",Việt Nam,Diễn viên,1998 – nay,https://vi.wikipedia.org/wiki/T%E1%BA%ADp_tin:T%E1%BB%B1_Long_2021.jpg
602,Johnny Trí Nguyễn,https://vi.wikipedia.org/wiki/Johnny_Tr%C3%AD_Nguy%E1%BB%85n,Nguyễn Chánh Minh Trí,"Nguyễn Chánh Minh Trí; 16 tháng 1, 1974 (51 tuổi); Bình Dương, Việt Nam Cộng hòa",Hoa Kỳ; Việt Nam,Diễn viênVõ sư,1994–nay,https://vi.wikipedia.org/wiki/T%E1%BA%ADp_tin:Johhnny_Tri_Nguyen.jpg
603,Thùy Anh,https://vi.wikipedia.org/wiki/Th%C3%B9y_Anh,Nguyễn Thùy Anh,"Nguyễn Thùy Anh; 3 tháng 2, 1995 (30 tuổi); Hà Nội, Việt Nam",Việt Nam,Diễn viên,2009–nay,https://vi.wikipedia.org/wiki/T%E1%BA%ADp_tin:Th%C3%B9y_Anh_2022_P2.jpg
604,Sĩ Toàn,nan,,,,,,
605,NSƯT Tuyết Thu,https://vi.wikipedia.org/wiki/Tuy%E1%BA%BFt_Thu,Liễu Thị Tuyết Thu,"Liễu Thị Tuyết Thu; 17 tháng 9, 1971 (54 tuổi); Sài Gòn, Việt Nam Cộng hòa",,Diễn viên,2002–nay,https://vi.wikipedia.org/wiki/T%E1%BA%ADp_tin:Tuy%E1%BA%BFt_Thu.png
606,Á Hậu Minh Kiên,nan,,,,,,
607,Hoàng Sơn,https://vi.wikipedia.org/wiki/Ho%C3%A0ng_S%C6%A1n_(di%E1%BB%85n_vi%C3%AAn),,,Việt Nam,,1985 - nay,https://vi.wikipedia.org/wiki/T%E1%BA%ADp_tin:Ho%C3%A0ng_S%C6%A1n_(di%E1%BB%85n_vi%C3%AAn).png
608,Đàm Vĩnh Hưng,https://vi.wikipedia.org/wiki/%C4%90%C3%A0m_V%C4%A9nh_H%C6%B0ng,Huỳnh Minh Hưng,"Huỳnh Minh Hưng; 2 tháng 10, 1971 (53 tuổi); Sài Gòn, Việt Nam Cộng hòa",Việt Nam,Ca sĩ,1992–nay,https://vi.wikipedia.org/wiki/T%E1%BA%ADp_tin:%C4%90%C3%80M_V%C4%A8NH_H%C6%AFNG_2023.jpg
609,MONO,https://vi.wikipedia.org/wiki/Mono_(ca_s%C4%A9),Nguyễn Việt Hoàng,"Nguyễn Việt Hoàng; 21 tháng 1, 2000 (25 tuổi); Thành phố Thái Bình, Thái Bình, Việt Nam",Việt Nam,Ca sĩ kiêm sáng tác nhạc,,"https://vi.wikipedia.org/wiki/T%E1%BA%ADp_tin:22,_album_c%E1%BB%A7a_Mono,_2022.jpg"
610,NSƯT Kiều Trinh,nan,,,,,,
611,Trương Ngọc Ánh,https://vi.wikipedia.org/wiki/Tr%C6%B0%C6%A1ng_Ng%E1%BB%8Dc_%C3%81nh,,"12 tháng 11, 1976 (48 tuổi); Hà Nội, Việt Nam",,"Nhà sản xuất phim, Diễn viên điện ảnh, Doanh nhân",Từ 1992 đến nay,
612,Tiến Phạm,nan,,,,,,
613,Uy Nhân,nan,,,,,,
614,Trần Thanh Tùng,nan,,,,,,
615,Trịnh Tú Trung,nan,,,,,,
616,Bảo Khương,nan,,,,,,
617,Lê Anh Huy,nan,,,,,,
618,Quang Sự,https://vi.wikipedia.org/wiki/Quang_S%E1%BB%B1,,,Việt Nam,,2007 - nay,https://vi.wikipedia.org/wiki/T%E1%BA%ADp_tin:Quang_S%E1%BB%B1.png
